EmpID,Employee_Name,DOB,Gender,GenderID,MaritalDesc,MaritalStatusID,MarriedID,EmploymentStatus,EmpStatusID,Department,DeptID,PerfScoreID,FromDiversityJobFairID,Salary,PositionID,Position,State,Zip,CitizenDesc,HispanicLatino,RaceDesc,DateofHire,DateofTermination,Termd,TermReason,ManagerName,ManagerID,RecruitmentSource,PerformanceScore,EngagementSurvey,EmpSatisfaction,SpecialProjectsCount,LastPerformanceReview_Date,DaysLateLast30,Absences
10026,"Adinolfi, Wilson  K",07-10-1983,M ,1,Single,0,0,Active,1,Production       ,5,4,0,62506,19,Production Technician I,MA,1960,US Citizen,No,White,07-05-2011,,0,N/A-StillEmployed,Michael Albert,22,LinkedIn,Exceeds,4.6,5,0,1/17/2019,0,1
10084,"Ait Sidi, Karthikeyan   ",05-05-1975,M ,1,Married,1,1,Voluntarily Terminated,5,IT/IS,3,3,0,104437,27,Sr. DBA,MA,2148,US Citizen,No,White,3/30/2015,6/16/2016,1,career change,Simon Roup,4,Indeed,Fully Meets,4.96,3,6,2/24/2016,0,17
10196,"Akinkuolie, Sarah",09/19/88,F,0,Married,1,1,Voluntarily Terminated,5,Production       ,5,3,0,64955,20,Production Technician II,MA,1810,US Citizen,No,White,07-05-2011,9/24/2012,1,hours,Kissy Sullivan,20,LinkedIn,Fully Meets,3.02,3,0,5/15/2012,0,3
10088,"Alagbe,Trina",09/27/88,F,0,Married,1,1,Active,1,Production       ,5,3,0,64991,19,Production Technician I,MA,1886,US Citizen,No,White,01-07-2008,,0,N/A-StillEmployed,Elijiah Gray,16,Indeed,Fully Meets,4.84,5,0,01-03-2019,0,15
10069,"Anderson, Carol ",09-08-1989,F,0,Divorced,2,0,Voluntarily Terminated,5,Production       ,5,3,0,50825,19,Production Technician I,MA,2169,US Citizen,No,White,07-11-2011,09-06-2016,1,return to school,Webster Butler,39,Google Search,Fully Meets,5,4,0,02-01-2016,0,2
10002,"Anderson, Linda  ",05/22/77,F,0,Single,0,0,Active,1,Production       ,5,4,0,57568,19,Production Technician I,MA,1844,US Citizen,No,White,01-09-2012,,0,N/A-StillEmployed,Amy Dunn,11,LinkedIn,Exceeds,5,5,0,01-07-2019,0,15
10194,"Andreola, Colby",05/24/79,F,0,Single,0,0,Active,1,Software Engineering,4,3,0,95660,24,Software Engineer,MA,2110,US Citizen,No,White,11-10-2014,,0,N/A-StillEmployed,Alex Sweetwater,10,LinkedIn,Fully Meets,3.04,3,4,01-02-2019,0,19
10062,"Athwal, Sam",02/18/83,M ,1,Widowed,4,0,Active,1,Production       ,5,3,0,59365,19,Production Technician I,MA,2199,US Citizen,No,White,9/30/2013,,0,N/A-StillEmployed,Ketsia Liebig,19,Employee Referral,Fully Meets,5,4,0,2/25/2019,0,19
10114,"Bachiochi, Linda",02-11-1970,F,0,Single,0,0,Active,3,Production       ,5,3,1,47837,19,Production Technician I,MA,1902,US Citizen,No,Black or African American,07-06-2009,,0,N/A-StillEmployed,Brannon Miller,12,Diversity Job Fair,Fully Meets,4.46,3,0,1/25/2019,0,4
10250,"Bacong, Alejandro ",01-07-1988,M ,1,Divorced,2,0,Active,1,IT/IS,3,3,0,50178,14,IT Support,MA,1886,US Citizen,No,White,01-05-2015,,0,N/A-StillEmployed,Peter Monroe,7,Indeed,Fully Meets,5,5,6,2/18/2019,0,16
10252,"Baczenski, Rachael  ",01-12-1974,F,0,Married,1,1,Voluntarily Terminated,5,Production       ,5,3,1,54670,19,Production Technician I,MA,1902,US Citizen,Yes,Black or African American,01-10-2011,01-12-2017,1,Another position,David Stanley,14,Diversity Job Fair,Fully Meets,4.2,4,0,1/30/2016,0,12
10242,"Barbara, Thomas",02/21/74,M ,1,Married,1,1,Voluntarily Terminated,5,Production       ,5,3,1,47211,19,Production Technician I,MA,2062,US Citizen,Yes,Black or African American,04-02-2012,9/19/2016,1,unhappy,Kissy Sullivan,20,Diversity Job Fair,Fully Meets,4.2,3,0,05-06-2016,0,15
10012,"Barbossa, Hector",07-04-1988,M ,1,Divorced,2,0,Active,1,IT/IS,3,4,1,92328,9,Data Analyst,TX,78230,US Citizen,No,Black or African American,11-10-2014,,0,N/A-StillEmployed,Simon Roup,4,Diversity Job Fair,Exceeds,4.28,4,5,2/25/2019,0,9
10265,"Barone, Francesco  A",07/20/83,M ,1,Single,0,0,Active,1,Production       ,5,3,0,58709,19,Production Technician I,MA,1810,US Citizen,No,Two or more races,2/20/2012,,0,N/A-StillEmployed,Kelley Spirea,18,Google Search,Fully Meets,4.6,4,0,2/14/2019,0,7
10066,"Barton, Nader",07/15/77,M ,1,Divorced,2,0,Voluntarily Terminated,5,Production       ,5,3,0,52505,19,Production Technician I,MA,2747,US Citizen,No,White,9/24/2012,04-06-2017,1,Another position,Michael Albert,22,On-line Web application,Fully Meets,5,5,0,03-02-2017,0,1
10061,"Bates, Norman",10/18/81,M ,1,Single,0,0,Terminated for Cause,4,Production       ,5,3,0,57834,19,Production Technician I,MA,2050,US Citizen,No,White,2/21/2011,08-04-2017,1,attendance,Kelley Spirea,18,Google Search,Fully Meets,5,4,0,04-05-2017,0,20
10023,"Beak, Kimberly  ",04/17/66,F,0,Married,1,1,Active,2,Production       ,5,4,0,70131,20,Production Technician II,MA,2145,US Citizen,No,White,7/21/2016,,0,N/A-StillEmployed,Kelley Spirea,18,Employee Referral,Exceeds,4.4,3,0,1/14/2019,0,16
10055,"Beatrice, Courtney ",10/27/70,F,0,Single,0,0,Active,1,Production       ,5,3,0,59026,19,Production Technician I,MA,1915,Eligible NonCitizen,No,White,04-04-2011,,0,N/A-StillEmployed,Elijiah Gray,16,Google Search,Fully Meets,5,5,0,1/14/2019,0,12
10245,"Becker, Renee",04-04-1986,F,0,Single,0,0,Terminated for Cause,4,IT/IS,3,3,0,110000,8,Database Administrator,MA,2026,US Citizen,Yes,White,07-07-2014,09-12-2015,1,performance,Simon Roup,4,Google Search,Fully Meets,4.5,4,5,1/15/2015,0,8
10277,"Becker, Scott",04-06-1979,M ,1,Single,0,0,Active,3,Production       ,5,3,0,53250,19,Production Technician I,MA,2452,US Citizen,No,Asian,07-08-2013,,0,N/A-StillEmployed,Webster Butler,,LinkedIn,Fully Meets,4.2,4,0,01-11-2019,0,13
10046,"Bernstein, Sean",12/22/70,M ,1,Single,0,0,Active,1,Production       ,5,3,0,51044,19,Production Technician I,MA,2072,US Citizen,Yes,White,04-02-2012,,0,N/A-StillEmployed,Amy Dunn,11,Google Search,Fully Meets,5,3,0,1/14/2019,0,13
10226,"Biden, Lowan  M",12/27/58,F,0,Divorced,2,0,Active,1,Production       ,5,3,0,64919,19,Production Technician I,MA,2027,US Citizen,No,Asian,8/19/2013,,0,N/A-StillEmployed,Ketsia Liebig,19,Indeed,Fully Meets,4.2,3,0,01-10-2019,0,2
10003,"Billis, Helen",09-01-1989,F,0,Married,1,1,Active,1,Production       ,5,4,0,62910,19,Production Technician I,MA,2031,US Citizen,No,White,07-07-2014,,0,N/A-StillEmployed,Brannon Miller,12,Indeed,Exceeds,5,3,0,2/27/2019,0,19
10294,"Blount, Dianna",09/21/90,F,0,Single,0,0,Active,1,Production       ,5,2,0,66441,20,Production Technician II,MA,2171,US Citizen,No,White,04-04-2011,,0,N/A-StillEmployed,Michael Albert,22,CareerBuilder,Needs Improvement,2,3,0,2/27/2019,2,3
10267,"Bondwell, Betsy",01/16/67,F,0,Single,0,0,Voluntarily Terminated,5,Production       ,5,3,0,57815,20,Production Technician II,MA,2210,US Citizen,No,White,01-10-2011,04-04-2014,1,career change,Elijiah Gray,16,Google Search,Fully Meets,4.8,5,0,03-04-2014,0,5
10199,"Booth, Frank",07/30/64,M ,1,Single,0,0,Terminated for Cause,4,IT/IS,3,3,0,103613,30,Enterprise Architect,CT,6033,US Citizen,No,Black or African American,2/17/2014,2/19/2016,1,Learned that he is a gangster,Simon Roup,4,LinkedIn,Fully Meets,3.5,5,7,01-10-2016,0,2
10081,"Boutwell, Bonalyn",04-04-1987,F,0,Married,1,1,Active,1,Admin Offices,1,3,1,106367,26,Sr. Accountant,MA,2468,US Citizen,No,Black or African American,2/16/2015,,0,N/A-StillEmployed,Brandon R. LeBlanc,3,Diversity Job Fair,Fully Meets,5,4,3,2/18/2019,0,4
10175,"Bozzi, Charles",03-10-1970,M ,1,Single,0,0,Voluntarily Terminated,5,Production       ,5,3,0,74312,18,Production Manager,MA,1901,US Citizen,No,Asian,9/30/2013,08-07-2014,1,retiring,Janet King,2,Indeed,Fully Meets,3.39,3,0,2/20/2014,0,14
10177,"Brill, Donna",08/24/90,F,0,Married,1,1,Voluntarily Terminated,5,Production       ,5,3,0,53492,19,Production Technician I,MA,1701,US Citizen,No,White,04-02-2012,6/15/2013,1,Another position,David Stanley,14,Google Search,Fully Meets,3.35,4,0,03-04-2013,0,6
10238,"Brown, Mia",11/24/87,F,0,Married,1,1,Active,1,Admin Offices,1,3,1,63000,1,Accountant I,MA,1450,US Citizen,No,Black or African American,10/27/2008,,0,N/A-StillEmployed,Brandon R. LeBlanc,1,Diversity Job Fair,Fully Meets,4.5,2,6,1/15/2019,0,14
10184,"Buccheri, Joseph  ",07/28/83,M ,1,Single,0,0,Active,1,Production       ,5,3,0,65288,20,Production Technician II,MA,1013,US Citizen,No,White,9/29/2014,,0,N/A-StillEmployed,Webster Butler,,Google Search,Fully Meets,3.19,3,0,02-01-2019,0,9
10203,"Bugali, Josephine ",10/30/69,F,0,Separated,3,0,Active,3,Production       ,5,3,1,64375,19,Production Technician I,MA,2043,US Citizen,No,Black or African American,11-11-2013,,0,N/A-StillEmployed,Kissy Sullivan,20,Diversity Job Fair,Fully Meets,3.5,5,0,1/21/2019,0,17
10188,"Bunbury, Jessica",06-01-1964,F,0,Married,1,1,Voluntarily Terminated,5,Sales,6,3,0,74326,3,Area Sales Manager,VA,21851,Eligible NonCitizen,No,Black or African American,8/15/2011,08-02-2014,1,Another position,John Smith,17,Google Search,Fully Meets,3.14,5,0,02-10-2013,1,19
10107,"Burke, Joelle",03-02-1980,F,0,Single,0,0,Active,1,Production       ,5,3,0,63763,20,Production Technician II,MA,2148,US Citizen,No,Black or African American,03-05-2012,,0,N/A-StillEmployed,Amy Dunn,11,Employee Referral,Fully Meets,4.51,4,0,2/21/2019,0,3
10181,"Burkett, Benjamin ",08/19/77,M ,1,Married,1,1,Active,1,Production       ,5,3,0,62162,20,Production Technician II,MA,1890,US Citizen,No,White,04-04-2011,,0,N/A-StillEmployed,Ketsia Liebig,19,Indeed,Fully Meets,3.25,5,0,1/14/2019,0,15
10150,"Cady, Max ",11/22/66,M ,1,Single,0,0,Active,1,Software Engineering,4,3,0,77692,25,Software Engineering Manager,MA,2184,US Citizen,No,White,8/15/2011,,0,N/A-StillEmployed,Jennifer Zamora,5,Google Search,Fully Meets,3.84,3,5,1/21/2019,0,4
10001,"Candie, Calvin",08-09-1983,M ,1,Single,0,0,Active,1,Production       ,5,4,0,72640,18,Production Manager,MA,2169,US Citizen,No,White,1/28/2016,,0,N/A-StillEmployed,Janet King,2,Indeed,Exceeds,5,3,0,2/22/2019,0,14
10085,"Carabbio, Judith",04-05-1987,F,0,Single,0,0,Active,1,Software Engineering,4,3,0,93396,24,Software Engineer,MA,2132,US Citizen,No,White,11-11-2013,,0,N/A-StillEmployed,Alex Sweetwater,10,Indeed,Fully Meets,4.96,4,6,1/30/2019,0,3
10115,"Carey, Michael  ",02-02-1983,M ,1,Single,0,0,Active,1,Production       ,5,3,0,52846,19,Production Technician I,MA,1701,US Citizen,No,Black or African American,3/31/2014,,0,N/A-StillEmployed,Kelley Spirea,18,LinkedIn,Fully Meets,4.43,3,0,02-01-2019,0,14
10082,"Carr, Claudia  N",06-06-1986,F,0,Single,0,0,Active,2,IT/IS,3,3,0,100031,27,Sr. DBA,MA,1886,US Citizen,No,Black or African American,6/30/2016,,0,N/A-StillEmployed,Simon Roup,4,LinkedIn,Fully Meets,5,5,6,2/18/2019,0,7
10040,"Carter, Michelle ",05/15/63,F,0,Single,0,0,Active,1,Sales,6,3,0,71860,3,Area Sales Manager,VT,5664,US Citizen,No,White,8/18/2014,,0,N/A-StillEmployed,John Smith,17,Indeed,Fully Meets,5,5,0,1/21/2019,0,7
10067,"Chace, Beatrice ",01-02-1951,F,0,Single,0,0,Active,1,Production       ,5,3,0,61656,19,Production Technician I,MA,2763,US Citizen,No,White,9/29/2014,,0,N/A-StillEmployed,Michael Albert,22,Google Search,Fully Meets,5,4,0,02-12-2019,0,11
10108,"Champaigne, Brian",02-09-1972,M ,1,Married,1,1,Active,1,IT/IS,3,3,0,110929,5,BI Director,MA,2045,US Citizen,No,White,09-06-2016,,0,N/A-StillEmployed,Jennifer Zamora,5,Indeed,Fully Meets,4.5,5,7,1/15/2019,0,8
10210,"Chan, Lin",02-12-1979,F,0,Single,0,0,Active,1,Production       ,5,3,0,54237,19,Production Technician I,MA,2170,US Citizen,No,White,05-12-2014,,0,N/A-StillEmployed,Elijiah Gray,16,Indeed,Fully Meets,3.3,4,0,2/19/2019,0,11
10154,"Chang, Donovan  E",08/24/83,M ,1,Single,0,0,Active,1,Production       ,5,3,0,60380,19,Production Technician I,MA,1845,US Citizen,No,White,07-08-2013,,0,N/A-StillEmployed,Webster Butler,,LinkedIn,Fully Meets,3.8,5,0,1/14/2019,0,4
10200,"Chigurh, Anton",06-11-1970,M ,1,Single,0,0,Active,1,Sales,6,3,0,66808,3,Area Sales Manager,TX,78207,Eligible NonCitizen,No,Black or African American,5/14/2012,,0,N/A-StillEmployed,Lynn Daneault,21,Employee Referral,Fully Meets,3,5,0,1/19/2019,0,17
10240,"Chivukula, Enola",08/27/83,F,0,Single,0,0,Voluntarily Terminated,5,Production       ,5,3,0,64786,19,Production Technician I,MA,1775,US Citizen,No,White,6/27/2011,11/15/2015,1,relocation out of area,Amy Dunn,11,Indeed,Fully Meets,4.3,4,0,03-10-2015,0,3
10168,"Cierpiszewski, Caroline  ",05/31/88,F,0,Single,0,0,Active,1,Production       ,5,3,0,64816,19,Production Technician I,MA,2044,Non-Citizen,No,Black or African American,10-03-2011,,0,N/A-StillEmployed,Ketsia Liebig,19,Indeed,Fully Meets,3.58,5,0,1/30/2019,0,3
10220,"Clayton, Rick",09-05-1985,M ,1,Single,0,0,Active,1,IT/IS,3,3,0,68678,14,IT Support,MA,2170,US Citizen,No,White,09-05-2012,,0,N/A-StillEmployed,Eric Dougall,6,Indeed,Fully Meets,4.7,3,6,2/27/2019,0,2
10275,"Cloninger, Jennifer",08/31/81,F,0,Married,1,1,Voluntarily Terminated,5,Production       ,5,3,0,64066,20,Production Technician II,MA,1752,US Citizen,No,White,5/16/2011,01-07-2013,1,unhappy,Brannon Miller,12,Google Search,Fully Meets,4.2,5,0,05-03-2012,0,9
10269,"Close, Phil",11/25/78,M ,1,Married,1,1,Voluntarily Terminated,5,Production       ,5,3,0,59369,20,Production Technician II,MA,2169,US Citizen,No,White,8/30/2010,9/26/2011,1,career change,David Stanley,14,Indeed,Fully Meets,4.2,4,0,05-04-2011,0,6
10029,"Clukey, Elijian",08/26/80,M ,1,Married,1,1,Active,2,Production       ,5,4,0,50373,19,Production Technician I,MA,2134,US Citizen,No,White,07-06-2016,,0,N/A-StillEmployed,Brannon Miller,12,Employee Referral,Exceeds,4.1,4,0,2/28/2019,0,5
10261,"Cockel, James",09-08-1977,M ,1,Single,0,0,Active,1,Production       ,5,3,0,63108,19,Production Technician I,MA,2452,US Citizen,No,White,07-08-2013,,0,N/A-StillEmployed,David Stanley,14,Employee Referral,Fully Meets,4.4,5,0,1/14/2019,0,3
10292,"Cole, Spencer",08-12-1979,M ,1,Single,0,0,Terminated for Cause,4,Production       ,5,2,0,59144,19,Production Technician I,MA,1880,US Citizen,No,Black or African American,07-11-2011,9/23/2016,1,performance,Kissy Sullivan,20,LinkedIn,Needs Improvement,2,3,0,05-01-2016,5,16
10282,"Corleone, Michael",12/17/75,M ,1,Divorced,2,0,Active,1,Production       ,5,2,0,68051,18,Production Manager,MA,1803,US Citizen,No,White,7/20/2010,,0,N/A-StillEmployed,Janet King,2,CareerBuilder,Needs Improvement,4.13,2,0,1/14/2019,3,3
10019,"Corleone, Vito",03/19/83,M ,1,Single,0,0,Active,1,Production       ,5,4,0,170500,10,Director of Operations,MA,2030,US Citizen,No,Black or African American,01-05-2009,,0,N/A-StillEmployed,Janet King,2,Indeed,Exceeds,3.7,5,0,02-04-2019,0,15
10094,"Cornett, Lisa ",03/31/77,F,0,Married,1,1,Active,1,Production       ,5,3,0,63381,19,Production Technician I,MA,2189,US Citizen,Yes,White,01-05-2015,,0,N/A-StillEmployed,Kelley Spirea,18,Indeed,Fully Meets,4.73,5,0,2/14/2019,0,6
10193,"Costello, Frank",08/26/86,M ,1,Married,1,1,Active,1,IT/IS,3,3,0,83552,9,Data Analyst,MA,1810,US Citizen,No,White,3/30/2015,,0,N/A-StillEmployed,Simon Roup,4,Indeed,Fully Meets,3.04,3,6,1/22/2019,0,2
10132,"Crimmings,   Jean",04-10-1987,F,0,Single,0,0,Active,2,Production       ,5,3,0,56149,19,Production Technician I,MA,1821,US Citizen,No,White,07-06-2016,,0,N/A-StillEmployed,Michael Albert,22,LinkedIn,Fully Meets,4.12,5,0,1/28/2019,0,15
10083,"Cross, Noah",09-09-1965,M ,1,Single,0,0,Active,1,IT/IS,3,3,0,92329,28,Sr. Network Engineer,CT,6278,US Citizen,No,White,11-10-2014,,0,N/A-StillEmployed,Peter Monroe,7,Employee Referral,Fully Meets,5,3,4,01-02-2019,0,5
10099,"Daneault, Lynn",04/19/90,F,0,Single,0,0,Active,1,Sales,6,3,0,65729,21,Sales Manager,VT,5473,US Citizen,No,White,05-05-2014,,0,N/A-StillEmployed,Debra Houlihan,15,Indeed,Fully Meets,4.62,4,0,1/24/2019,0,8
10212,"Daniele, Ann  ",01/18/52,F,0,Married,1,1,Active,3,IT/IS,3,3,0,85028,28,Sr. Network Engineer,CT,6033,US Citizen,No,White,11-10-2014,,0,N/A-StillEmployed,Peter Monroe,7,LinkedIn,Fully Meets,3.1,5,8,02-12-2019,0,19
10056,"Darson, Jene'ya ",11-05-1978,F,0,Married,1,1,Active,1,Production       ,5,3,0,57583,19,Production Technician I,MA,2110,US Citizen,No,White,07-02-2012,,0,N/A-StillEmployed,Elijiah Gray,16,Indeed,Fully Meets,5,3,0,2/25/2019,0,1
10143,"Davis, Daniel",09/14/79,M ,1,Single,0,0,Active,1,Production       ,5,3,0,56294,20,Production Technician II,MA,2458,Eligible NonCitizen,No,Two or more races,11-07-2011,,0,N/A-StillEmployed,Kissy Sullivan,20,LinkedIn,Fully Meets,3.96,4,0,2/27/2019,0,6
10311,"Dee, Randy",04/15/88,M ,1,Married,1,1,Active,1,Production       ,6,1,0,56991,19,Production Technician I,MA,2138,US Citizen,No,White,07-09-2018,,0,N/A-StillEmployed,Brannon Miller,12,Indeed,Fully Meets,4.3,4,3,1/31/2019,2,2
10070,"DeGweck,  James",10/31/77,M ,1,Married,1,1,Voluntarily Terminated,5,Production       ,5,3,0,55722,19,Production Technician I,MA,1810,US Citizen,No,White,5/16/2011,06-08-2016,1,unhappy,Webster Butler,39,Indeed,Fully Meets,5,4,0,04-02-2016,0,14
10155,"Del Bosque, Keyla",07-05-1979,F,0,Single,0,0,Active,1,Software Engineering,4,3,0,101199,24,Software Engineer,MA,2176,US Citizen,No,Black or African American,01-09-2012,,0,N/A-StillEmployed,Alex Sweetwater,10,CareerBuilder,Fully Meets,3.79,5,5,1/25/2019,0,8
10306,"Delarge, Alex",11-02-1975,M ,1,Single,0,0,Active,1,Sales,6,1,0,61568,3,Area Sales Manager,AL,36006,US Citizen,No,Two or more races,9/29/2014,,0,N/A-StillEmployed,John Smith,17,Indeed,PIP,1.93,3,0,1/30/2019,6,5
10100,"Demita, Carla",02/25/51,F,0,Separated,3,0,Voluntarily Terminated,5,Production       ,5,3,0,58275,20,Production Technician II,MA,2343,US Citizen,No,Black or African American,04-04-2011,11-04-2015,1,more money,Kelley Spirea,18,Google Search,Fully Meets,4.62,5,0,05-06-2015,0,1
10310,"Desimone, Carl ",04/19/67,M ,1,Married,1,1,Active,1,Production       ,5,1,0,53189,19,Production Technician I,MA,2061,US Citizen,No,White,07-07-2014,,0,N/A-StillEmployed,Amy Dunn,11,Indeed,PIP,1.12,2,0,1/31/2019,4,9
10197,"DeVito, Tommy",09-04-1983,M ,1,Single,0,0,Active,1,IT/IS,3,3,0,96820,4,BI Developer,MA,2045,US Citizen,No,White,2/15/2017,,0,N/A-StillEmployed,Brian Champaigne,13,Indeed,Fully Meets,3.01,5,7,1/23/2019,0,15
10276,"Dickinson, Geoff ",11/15/82,M ,1,Single,0,0,Active,1,Production       ,5,3,0,51259,19,Production Technician I,MA,2180,US Citizen,No,White,05-12-2014,,0,N/A-StillEmployed,Ketsia Liebig,19,Indeed,Fully Meets,4.3,4,0,2/19/2019,0,1
10304,"Dietrich, Jenna  ",05/14/87,F,0,Single,0,0,Active,1,Sales,6,1,0,59231,3,Area Sales Manager,WA,98052,US Citizen,Yes,White,2/20/2012,,0,N/A-StillEmployed,John Smith,17,Website,PIP,2.3,1,0,1/29/2019,2,17
10284,"DiNocco, Lily ",12-02-1978,F,0,Married,1,1,Active,1,Production       ,5,2,0,61584,19,Production Technician I,MA,2351,US Citizen,No,Black or African American,01-07-2013,,0,N/A-StillEmployed,Brannon Miller,12,Indeed,Needs Improvement,3.88,4,0,1/18/2019,0,6
10207,"Dobrin, Denisa  S",10-07-1986,F,0,Single,0,0,Active,1,Production       ,5,3,0,46335,19,Production Technician I,MA,2125,US Citizen,Yes,White,04-02-2012,,0,N/A-StillEmployed,David Stanley,14,CareerBuilder,Fully Meets,3.4,5,0,2/19/2019,0,15
10133,"Dolan, Linda",07/18/88,F,0,Married,1,1,Active,1,IT/IS,3,3,0,70621,14,IT Support,MA,2119,US Citizen,No,White,01-05-2015,,0,N/A-StillEmployed,Peter Monroe,7,Employee Referral,Fully Meets,4.11,4,6,2/25/2019,0,16
10028,"Dougall, Eric",07-09-1970,M ,1,Single,0,0,Active,1,IT/IS,3,4,0,138888,13,IT Manager - Support,MA,1886,US Citizen,No,Black or African American,01-05-2014,,0,N/A-StillEmployed,Jennifer Zamora,5,Indeed,Exceeds,4.3,5,5,01-04-2019,0,4
10006,"Driver, Elle",11-08-1988,F,0,Single,0,0,Active,1,Sales,6,4,0,74241,3,Area Sales Manager,CA,90007,US Citizen,No,White,01-10-2011,,0,N/A-StillEmployed,Lynn Daneault,21,Indeed,Exceeds,4.77,5,0,1/27/2019,0,14
10105,"Dunn, Amy  ",11/28/73,F,0,Single,0,0,Active,1,Production       ,5,3,0,75188,18,Production Manager,MA,1731,US Citizen,No,White,9/18/2014,,0,N/A-StillEmployed,Janet King,2,Google Search,Fully Meets,4.52,4,0,1/15/2019,0,4
10211,"Dunne, Amy",09/23/73,F,0,Married,1,1,Active,1,Production       ,5,3,0,62514,19,Production Technician I,MA,1749,US Citizen,No,White,4/26/2010,,0,N/A-StillEmployed,Ketsia Liebig,19,Google Search,Fully Meets,2.9,3,0,1/21/2019,0,6
10064,"Eaton, Marianne",09-05-1991,F,0,Married,1,1,Voluntarily Terminated,5,Production       ,5,3,0,60070,19,Production Technician I,MA,2343,US Citizen,No,White,04-04-2011,06-06-2017,1,military,Kissy Sullivan,20,Google Search,Fully Meets,5,3,0,04-09-2017,0,7
10247,"Engdahl, Jean",05/31/74,M ,1,Single,0,0,Active,1,Production       ,5,3,0,48888,19,Production Technician I,MA,2026,US Citizen,No,White,11-10-2014,,0,N/A-StillEmployed,Kelley Spirea,18,LinkedIn,Fully Meets,4.7,5,0,2/13/2019,0,8
10235,"England, Rex",08/25/78,M ,1,Married,1,1,Active,1,Production       ,5,3,0,54285,19,Production Technician I,MA,2045,US Citizen,No,White,3/31/2014,,0,N/A-StillEmployed,Kelley Spirea,18,Employee Referral,Fully Meets,4.2,3,0,01-11-2019,0,3
10299,"Erilus, Angela",08/25/89,F,0,Separated,3,0,Active,1,Production       ,5,1,0,56847,20,Production Technician II,MA,2133,US Citizen,No,White,07-07-2014,,0,N/A-StillEmployed,Michael Albert,22,Indeed,PIP,3,1,0,2/25/2019,2,5
10280,"Estremera, Miguel",09-02-1983,M ,1,Single,0,0,Terminated for Cause,4,Production       ,5,2,0,60340,19,Production Technician I,MA,2129,US Citizen,No,White,04-02-2012,9/27/2018,1,attendance,Michael Albert,22,Google Search,Needs Improvement,5,4,0,04-12-2018,5,16
10296,"Evensen, April",05-06-1989,F,0,Single,0,0,Terminated for Cause,4,Production       ,5,2,0,59124,19,Production Technician I,MA,2458,US Citizen,No,White,2/17/2014,2/25/2018,1,"no-call, no-show",Elijiah Gray,16,Google Search,Needs Improvement,2.3,3,0,1/15/2017,5,19
10290,"Exantus, Susan",05/15/87,F,0,Married,1,1,Terminated for Cause,4,Software Engineering,4,2,0,99280,24,Software Engineer,MA,1749,US Citizen,No,Black or African American,05-02-2011,06-05-2013,1,attendance,Alex Sweetwater,10,Indeed,Needs Improvement,2.1,5,4,08-10-2012,4,19
10263,"Faller, Megan ",09/22/78,F,0,Married,1,1,Active,1,Production       ,5,3,0,71776,20,Production Technician II,MA,1824,US Citizen,No,Black or African American,07-07-2014,,0,N/A-StillEmployed,Elijiah Gray,16,LinkedIn,Fully Meets,4.4,5,0,2/22/2019,0,17
10136,"Fancett, Nicole",09/27/87,F,0,Single,0,0,Active,1,Production       ,5,3,0,65902,20,Production Technician II,MA,2324,US Citizen,No,Black or African American,2/17/2014,,0,N/A-StillEmployed,Webster Butler,,LinkedIn,Fully Meets,4,4,0,01-07-2019,0,7
10189,"Ferguson, Susan",04/14/55,F,0,Married,1,1,Voluntarily Terminated,5,Production       ,5,3,0,57748,19,Production Technician I,MA,2176,US Citizen,No,White,11-07-2011,5/17/2016,1,military,Webster Butler,39,Google Search,Fully Meets,3.13,3,0,02-04-2016,0,16
10308,"Fernandes, Nilson  ",10/18/89,M ,1,Married,1,1,Active,1,Production       ,5,1,0,64057,19,Production Technician I,MA,2132,US Citizen,No,White,05-11-2015,,0,N/A-StillEmployed,Amy Dunn,11,Indeed,PIP,1.56,5,0,01-03-2019,6,15
10309,"Fett, Boba",06/18/87,M ,1,Single,0,0,Active,1,IT/IS,3,1,0,53366,15,Network Engineer,MA,2138,US Citizen,No,White,3/30/2015,,0,N/A-StillEmployed,Peter Monroe,7,LinkedIn,PIP,1.2,3,6,02-04-2019,3,2
10049,"Fidelia,  Libby",03/16/81,F,0,Married,1,1,Active,1,Production       ,5,3,0,58530,19,Production Technician I,MA,2155,US Citizen,No,White,01-09-2012,,0,N/A-StillEmployed,Brannon Miller,12,Google Search,Fully Meets,5,5,0,1/29/2019,0,19
10093,"Fitzpatrick, Michael  J",10-01-1981,M ,1,Single,0,0,Voluntarily Terminated,5,Production       ,5,3,0,72609,20,Production Technician II,MA,2143,US Citizen,Yes,White,5/16/2011,6/24/2013,1,hours,Amy Dunn,11,Google Search,Fully Meets,4.76,5,0,04-05-2013,0,20
10163,"Foreman, Tanya",11-08-1983,F,0,Married,1,1,Voluntarily Terminated,5,Production       ,5,3,0,55965,20,Production Technician II,MA,2170,US Citizen,No,White,04-04-2011,01-09-2013,1,career change,Ketsia Liebig,19,Google Search,Fully Meets,3.66,3,0,01-07-2012,0,6
10305,"Forrest, Alex",07-07-1975,M ,1,Married,1,1,Terminated for Cause,1,Sales,6,3,0,70187,3,Area Sales Manager,MA,2330,US Citizen,No,White,9/29/2014,8/19/2018,1,Fatal attraction,Lynn Daneault,21,Employee Referral,PIP,2,5,0,1/28/2019,4,7
10015,"Foss, Jason",07-05-1980,M ,1,Single,0,0,Active,1,IT/IS,3,4,0,178000,12,IT Director,MA,1460,US Citizen,No,Black or African American,4/15/2011,,0,N/A-StillEmployed,Jennifer Zamora,5,Indeed,Exceeds,5,5,5,01-07-2019,0,15
10080,"Foster-Baker, Amy",04/16/79,F,0,Married,1,1,Active,1,Admin Offices,1,3,0,99351,26,Sr. Accountant,MA,2050,US Citizen,no,White,01-05-2009,,0,N/A-StillEmployed,Board of Directors,9,Other,Fully Meets,5,3,2,02-08-2019,0,3
10258,"Fraval, Maruk ",08/28/63,M ,1,Single,0,0,Active,1,Sales,6,3,0,67251,3,Area Sales Manager,CT,6050,US Citizen,No,Black or African American,09-06-2011,,0,N/A-StillEmployed,Lynn Daneault,21,CareerBuilder,Fully Meets,4.3,3,0,1/27/2019,2,7
10273,"Galia, Lisa",07-06-1968,F,0,Single,0,0,Active,1,IT/IS,3,3,0,65707,14,IT Support,CT,6040,US Citizen,No,White,05-01-2010,,0,N/A-StillEmployed,Eric Dougall,6,LinkedIn,Fully Meets,4.7,4,5,02-01-2019,0,1
10111,"Garcia, Raul",09/15/85,M ,1,Single,0,0,Active,1,Production       ,5,3,0,52249,19,Production Technician I,MA,1905,US Citizen,Yes,White,3/30/2015,,0,N/A-StillEmployed,David Stanley,14,Employee Referral,Fully Meets,4.5,3,0,2/18/2019,0,5
10257,"Gaul, Barbara",12-02-1983,F,0,Single,0,0,Active,1,Production       ,5,3,0,53171,19,Production Technician I,MA,2121,US Citizen,Yes,Black or African American,5/16/2011,,0,N/A-StillEmployed,Kelley Spirea,18,LinkedIn,Fully Meets,4.2,4,0,2/26/2019,0,12
10159,"Gentry, Mildred",10-01-1990,F,0,Married,1,1,Active,1,Production       ,5,3,0,51337,19,Production Technician I,MA,2145,US Citizen,No,Black or African American,3/30/2015,,0,N/A-StillEmployed,Michael Albert,22,LinkedIn,Fully Meets,3.73,3,0,1/16/2019,0,19
10122,"Gerke, Melisa",05/15/70,F,0,Divorced,2,0,Voluntarily Terminated,5,Production       ,5,3,1,51505,19,Production Technician I,MA,2330,US Citizen,No,Black or African American,11-07-2011,11/15/2016,1,hours,Elijiah Gray,16,Diversity Job Fair,Fully Meets,4.24,4,0,4/29/2016,0,2
10142,"Gill, Whitney  ",07-10-1971,F,0,Widowed,4,0,Terminated for Cause,4,Sales,6,3,0,59370,3,Area Sales Manager,OH,43050,US Citizen,No,Black or African American,07-07-2014,09-05-2015,1,attendance,John Smith,17,CareerBuilder,Fully Meets,3.97,4,0,1/15/2014,0,7
10283,"Gilles, Alex",08-09-1974,M ,1,Married,1,1,Voluntarily Terminated,5,Production       ,5,2,1,54933,19,Production Technician I,MA,2062,US Citizen,No,Black or African American,04-02-2012,6/25/2015,1,military,Webster Butler,39,Diversity Job Fair,Needs Improvement,3.97,4,0,1/20/2015,3,15
10018,"Girifalco, Evelyn",05-08-1980,F,0,Single,0,0,Active,1,Production       ,5,4,0,57815,19,Production Technician I,MA,2451,US Citizen,Yes,Two or more races,9/29/2014,,0,N/A-StillEmployed,Amy Dunn,11,Indeed,Exceeds,3.9,4,0,02-07-2019,0,3
10255,"Givens, Myriam",09/22/89,F,0,Single,0,0,Active,1,Sales,6,3,0,61555,3,Area Sales Manager,IN,46204,US Citizen,No,White,2/16/2015,,0,N/A-StillEmployed,Lynn Daneault,21,Indeed,Fully Meets,4.5,5,0,1/25/2019,0,20
10246,"Goble, Taisha",10/23/71,F,0,Single,0,0,Terminated for Cause,4,IT/IS,3,3,0,114800,8,Database Administrator,MA,2127,US Citizen,No,White,2/16/2015,3/15/2015,1,"no-call, no-show",Simon Roup,4,Indeed,Fully Meets,4.6,4,4,1/20/2015,0,10
10228,"Goeth, Amon",11/24/89,M ,1,Married,1,1,Active,1,IT/IS,3,3,0,74679,14,IT Support,MA,2135,US Citizen,Yes,White,3/30/2015,,0,N/A-StillEmployed,Peter Monroe,7,LinkedIn,Fully Meets,4.3,5,7,01-10-2019,0,20
10243,"Gold, Shenice  ",06/18/92,F,0,Single,0,0,Active,1,Production       ,5,3,0,53018,19,Production Technician I,MA,2451,US Citizen,Yes,White,11-11-2013,,0,N/A-StillEmployed,Ketsia Liebig,19,Indeed,Fully Meets,4.3,5,0,2/18/2019,0,7
10031,"Gonzalez, Cayo",09/29/69,M ,1,Divorced,2,0,Active,1,Production       ,5,4,1,59892,19,Production Technician I,MA,2108,US Citizen,No,Black or African American,07-11-2011,,0,N/A-StillEmployed,Brannon Miller,12,Diversity Job Fair,Exceeds,4.5,4,0,2/18/2019,0,1
10300,"Gonzalez, Juan",10-12-1964,M ,1,Married,1,1,Voluntarily Terminated,5,Production       ,5,1,1,68898,20,Production Technician II,MA,2128,US Citizen,No,Black or African American,4/26/2010,5/30/2011,1,career change,Brannon Miller,12,Diversity Job Fair,PIP,3,3,0,03-06-2011,3,10
10101,"Gonzalez, Maria",04/16/81,F,0,Separated,3,0,Active,1,IT/IS,3,3,0,61242,14,IT Support,MA,2472,US Citizen,Yes,White,01-05-2015,,0,N/A-StillEmployed,Peter Monroe,7,Employee Referral,Fully Meets,4.61,4,5,1/28/2019,0,11
10237,"Good, Susan",05/25/86,F,0,Married,1,1,Active,3,Production       ,5,3,0,66825,20,Production Technician II,MA,1886,US Citizen,No,White,05-12-2014,,0,N/A-StillEmployed,David Stanley,14,LinkedIn,Fully Meets,4.6,3,0,02-07-2019,0,20
10051,"Gordon, David",05/21/79,M ,1,Married,1,1,Active,1,Production       ,5,3,0,48285,19,Production Technician I,MA,2169,US Citizen,No,White,07-02-2012,,0,N/A-StillEmployed,David Stanley,14,LinkedIn,Fully Meets,5,3,0,1/14/2019,0,2
10218,"Gosciminski, Phylicia  ",12-08-1983,F,0,Separated,3,0,Active,3,Production       ,5,3,0,66149,20,Production Technician II,MA,1824,US Citizen,No,American Indian or Alaska Native,9/30/2013,,0,N/A-StillEmployed,Kissy Sullivan,20,Google Search,Fully Meets,4.4,5,0,2/21/2019,0,1
10256,"Goyal, Roxana",10-09-1974,F,0,Married,1,1,Active,3,Production       ,5,3,0,49256,19,Production Technician I,MA,1864,US Citizen,No,Asian,8/19/2013,,0,N/A-StillEmployed,Kissy Sullivan,20,LinkedIn,Fully Meets,4.1,5,0,2/15/2019,0,3
10098,"Gray, Elijiah  ",07-11-1981,M ,1,Divorced,2,0,Active,1,Production       ,5,3,0,62957,18,Production Manager,MA,1752,US Citizen,No,White,06-02-2015,,0,N/A-StillEmployed,Janet King,2,Employee Referral,Fully Meets,4.63,3,0,01-04-2019,0,2
10059,"Gross, Paula",05/21/83,F,0,Divorced,2,0,Voluntarily Terminated,5,Production       ,5,3,0,63813,19,Production Technician I,MA,2176,US Citizen,No,White,2/21/2011,01-11-2014,1,more money,Kelley Spirea,18,CareerBuilder,Fully Meets,5,5,0,06-03-2013,0,17
10234,"Gruber, Hans",06/30/89,M ,1,Married,1,1,Active,1,IT/IS,3,3,0,99020,4,BI Developer,MA,2134,US Citizen,No,Black or African American,4/20/2017,,0,N/A-StillEmployed,Brian Champaigne,13,Indeed,Fully Meets,4.2,5,5,1/28/2019,0,8
10109,"Guilianno, Mike",02-09-1969,M ,1,Single,0,0,Voluntarily Terminated,5,Sales,6,3,0,71707,3,Area Sales Manager,TN,37129,US Citizen,No,Two or more races,03-07-2012,10/31/2014,1,relocation out of area,John Smith,17,LinkedIn,Fully Meets,4.5,5,0,02-01-2013,0,20
10125,"Handschiegl, Joanne",03/23/77,F,0,Married,1,1,Active,1,Production       ,5,3,0,54828,19,Production Technician I,MA,2127,US Citizen,No,White,11/28/2011,,0,N/A-StillEmployed,Michael Albert,22,Google Search,Fully Meets,4.2,4,0,2/22/2019,0,13
10074,"Hankard, Earnest",08-10-1988,M ,1,Single,0,0,Active,1,Production       ,5,3,0,64246,20,Production Technician II,MA,2155,US Citizen,Yes,White,11-11-2013,,0,N/A-StillEmployed,Kelley Spirea,18,LinkedIn,Fully Meets,5,3,0,01-08-2019,0,20
10097,"Harrington, Christie ",08/18/52,F,0,Single,0,0,Voluntarily Terminated,5,Production       ,5,3,0,52177,19,Production Technician I,MA,2324,US Citizen,No,White,01-09-2012,12/15/2015,1,retiring,Webster Butler,39,CareerBuilder,Fully Meets,4.64,4,0,05-02-2015,0,8
10007,"Harrison, Kara",05-02-1974,F,0,Married,1,1,Active,1,Production       ,5,4,0,62065,19,Production Technician I,MA,1886,US Citizen,No,White,05-12-2014,,0,N/A-StillEmployed,Amy Dunn,11,CareerBuilder,Exceeds,4.76,4,0,2/15/2019,0,5
10129,"Heitzman, Anthony",01-04-1984,M ,1,Single,0,0,Active,1,Production       ,5,3,0,46998,19,Production Technician I,MA,2149,US Citizen,No,White,8/13/2012,,0,N/A-StillEmployed,Ketsia Liebig,19,Google Search,Fully Meets,4.17,4,0,02-11-2019,0,1
10075,"Hendrickson, Trina",08/27/72,F,0,Single,0,0,Voluntarily Terminated,5,Production       ,5,3,0,68099,20,Production Technician II,MA,2021,US Citizen,No,White,01-10-2011,6/18/2013,1,hours,Kelley Spirea,18,CareerBuilder,Fully Meets,5,3,0,1/30/2013,0,15
10167,"Hitchcock, Alfred",09/14/88,M ,1,Married,1,1,Active,1,Sales,6,3,0,70545,3,Area Sales Manager,NH,3062,US Citizen,No,American Indian or Alaska Native,8/18/2014,,0,N/A-StillEmployed,John Smith,17,Indeed,Fully Meets,3.6,5,0,1/30/2019,0,9
10195,"Homberger, Adrienne  J",02/16/84,F,0,Married,1,1,Voluntarily Terminated,5,Production       ,5,3,0,63478,20,Production Technician II,MA,2445,Non-Citizen,No,White,8/15/2011,04-07-2012,1,relocation out of area,Michael Albert,30,Indeed,Fully Meets,3.03,5,0,03-05-2012,0,16
10112,"Horton, Jayne",02/21/84,F,0,Single,0,0,Active,1,IT/IS,3,3,0,97999,8,Database Administrator,MA,2493,US Citizen,No,White,3/30/2015,,0,N/A-StillEmployed,Simon Roup,4,Indeed,Fully Meets,4.48,5,6,01-03-2019,0,4
10272,"Houlihan, Debra",03/17/66,F,0,Married,1,1,Active,1,Sales,6,3,0,180000,11,Director of Sales,RI,2908,US Citizen,No,White,05-05-2014,,0,N/A-StillEmployed,Janet King,2,LinkedIn,Fully Meets,4.5,4,0,1/21/2019,0,19
10182,"Howard, Estelle",09/16/85,F,0,Married,1,1,Terminated for Cause,1,Admin Offices,1,3,0,49920,2,Administrative Assistant,MA,2170,US Citizen,No,Black or African American,2/16/2015,4/15/2015,1,"no-call, no-show",Brandon R. LeBlanc,1,Indeed,Fully Meets,3.24,3,4,4/15/2015,0,6
10248,"Hudson, Jane",06-10-1986,F,0,Single,0,0,Active,1,Production       ,5,3,0,55425,19,Production Technician I,MA,2176,US Citizen,No,White,2/20/2012,,0,N/A-StillEmployed,Ketsia Liebig,19,LinkedIn,Fully Meets,4.8,4,0,01-07-2019,0,4
10201,"Hunts, Julissa",03-11-1984,F,0,Single,0,0,Active,2,Production       ,5,3,0,69340,20,Production Technician II,MA,2021,US Citizen,No,White,06-06-2016,,0,N/A-StillEmployed,Elijiah Gray,16,LinkedIn,Fully Meets,3,5,0,1/18/2019,0,4
10214,"Hutter, Rosalie",05-07-1992,F,0,Separated,3,0,Active,2,Production       ,5,3,0,64995,20,Production Technician II,MA,2351,US Citizen,No,White,06-05-2015,,0,N/A-StillEmployed,Webster Butler,,Indeed,Fully Meets,4.5,3,0,2/14/2019,0,6
10160,"Huynh, Ming",09/22/76,F,0,Divorced,2,0,Voluntarily Terminated,5,Production       ,5,3,0,68182,20,Production Technician II,MA,1742,US Citizen,No,White,2/21/2011,04-01-2013,1,unhappy,Amy Dunn,11,Google Search,Fully Meets,3.72,3,0,02-01-2013,0,18
10289,"Immediato, Walter",11/15/76,M ,1,Married,1,1,Voluntarily Terminated,5,Production       ,5,2,0,83082,18,Production Manager,MA,2128,US Citizen,No,Asian,2/21/2011,9/24/2012,1,unhappy,Janet King,2,Indeed,Needs Improvement,2.34,2,0,04-12-2012,3,4
10139,"Ivey, Rose ",01/28/91,F,0,Single,0,0,Active,1,Production       ,5,3,0,51908,19,Production Technician I,MA,1775,US Citizen,No,White,8/19/2013,,0,N/A-StillEmployed,Brannon Miller,12,Indeed,Fully Meets,3.99,3,0,1/14/2019,0,14
10227,"Jackson, Maryellen",09-11-1972,F,0,Single,0,0,Active,1,Production       ,5,3,0,61242,19,Production Technician I,MA,2081,US Citizen,No,Black or African American,11-05-2012,,0,N/A-StillEmployed,David Stanley,14,LinkedIn,Fully Meets,4.1,3,0,1/17/2019,0,7
10236,"Jacobi, Hannah  ",03/22/66,F,0,Divorced,2,0,Active,1,Production       ,5,3,0,45069,19,Production Technician I,MA,1778,US Citizen,No,White,9/30/2013,,0,N/A-StillEmployed,Kissy Sullivan,20,Employee Referral,Fully Meets,4.3,5,0,2/22/2019,0,7
10009,"Jeannite, Tayana",11-06-1986,F,0,Divorced,2,0,Active,1,Production       ,5,4,0,60724,20,Production Technician II,MA,1821,US Citizen,No,American Indian or Alaska Native,07-05-2011,,0,N/A-StillEmployed,Ketsia Liebig,19,LinkedIn,Exceeds,4.6,4,0,2/25/2019,0,11
10060,"Jhaveri, Sneha  ",04/13/64,F,0,Separated,3,0,Active,1,Production       ,5,3,0,60436,19,Production Technician I,MA,2109,US Citizen,No,White,01-06-2014,,0,N/A-StillEmployed,Kelley Spirea,18,LinkedIn,Fully Meets,5,5,0,1/21/2019,0,9
10034,"Johnson, George",08/19/59,M ,1,Married,1,1,Voluntarily Terminated,5,Production       ,5,4,0,46837,19,Production Technician I,MA,2445,US Citizen,No,White,11-07-2011,4/29/2018,1,more money,Michael Albert,22,CareerBuilder,Exceeds,4.7,4,0,2/14/2018,0,9
10156,"Johnson, Noelle ",11-07-1986,F,0,Married,1,1,Active,3,IT/IS,3,3,0,105700,8,Database Administrator,MA,2301,US Citizen,No,Asian,01-05-2015,,0,N/A-StillEmployed,Simon Roup,4,Indeed,Fully Meets,3.75,3,5,02-11-2019,0,2
10036,"Johnston, Yen",09-08-1969,F,0,Single,0,0,Active,1,Production       ,5,4,0,63322,20,Production Technician II,MA,2128,US Citizen,No,White,07-07-2014,,0,N/A-StillEmployed,Brannon Miller,12,LinkedIn,Exceeds,4.3,3,0,01-11-2019,0,1
10138,"Jung, Judy  ",04/17/86,F,0,Married,1,1,Voluntarily Terminated,5,Production       ,5,3,0,61154,19,Production Technician I,MA,2446,US Citizen,No,Black or African American,01-10-2011,04-01-2016,1,unhappy,Elijiah Gray,16,CareerBuilder,Fully Meets,4,4,0,02-03-2016,0,4
10244,"Kampew, Donysha",11-11-1989,F,0,Single,0,0,Voluntarily Terminated,5,Sales,6,3,0,68999,21,Sales Manager,PA,19444,US Citizen,No,White,11-07-2011,4/24/2014,1,maternity leave - did not return,Debra Houlihan,15,Google Search,Fully Meets,4.5,5,0,3/30/2013,0,2
10192,"Keatts, Kramer ",01/19/76,M ,1,Single,0,0,Active,1,Production       ,5,3,0,50482,19,Production Technician I,MA,1887,US Citizen,No,White,9/30/2013,,0,N/A-StillEmployed,Michael Albert,22,Indeed,Fully Meets,3.07,4,0,1/23/2019,0,10
10231,"Khemmich, Bartholemew",11/27/79,M ,1,Single,0,0,Active,1,Sales,6,3,0,65310,3,Area Sales Manager,CO,80820,US Citizen,No,White,8/19/2013,,0,N/A-StillEmployed,Lynn Daneault,21,Indeed,Fully Meets,4.3,5,0,1/22/2019,0,13
10089,"King, Janet",09/21/54,F,0,Married,1,1,Active,1,Executive Office,2,3,0,250000,16,President & CEO,MA,1902,US Citizen,Yes,White,07-02-2012,,0,N/A-StillEmployed,Board of Directors,9,Indeed,Fully Meets,4.83,3,0,1/17/2019,0,10
10166,"Kinsella, Kathleen  ",12-08-1973,F,0,Married,1,1,Voluntarily Terminated,5,Production       ,5,3,0,54005,19,Production Technician I,MA,2170,US Citizen,No,White,9/26/2011,06-04-2015,1,more money,Webster Butler,39,Google Search,Fully Meets,3.6,5,0,03-01-2015,0,16
10170,"Kirill, Alexandra  ",10-08-1970,F,0,Married,1,1,Voluntarily Terminated,5,Production       ,5,3,0,45433,19,Production Technician I,MA,2127,US Citizen,No,White,9/26/2011,01-09-2014,1,more money,Amy Dunn,11,Google Search,Fully Meets,3.49,4,0,1/30/2013,0,6
10208,"Knapp, Bradley  J",11-10-1977,M ,1,Single,0,0,Active,1,Production       ,5,3,0,46654,19,Production Technician I,MA,1721,US Citizen,No,Black or African American,2/17/2014,,0,N/A-StillEmployed,Ketsia Liebig,19,LinkedIn,Fully Meets,3.1,3,0,02-06-2019,0,3
10176,"Kretschmer, John",02-02-1980,M ,1,Married,1,1,Active,1,Production       ,5,3,0,63973,19,Production Technician I,MA,1801,US Citizen,No,Asian,01-10-2011,,0,N/A-StillEmployed,Brannon Miller,12,Indeed,Fully Meets,3.38,3,0,1/21/2019,0,17
10165,"Kreuger, Freddy",02/24/69,M ,1,Single,0,0,Active,1,Sales,6,3,1,71339,3,Area Sales Manager,NY,10171,US Citizen,Yes,Black or African American,03-07-2011,,0,N/A-StillEmployed,John Smith,17,Diversity Job Fair,Fully Meets,3.65,5,0,1/17/2019,0,20
10113,"Lajiri,  Jyoti",04/23/86,M ,1,Married,1,1,Active,3,IT/IS,3,3,0,93206,28,Sr. Network Engineer,MA,2169,US Citizen,No,White,11-10-2014,,0,N/A-StillEmployed,Peter Monroe,7,Employee Referral,Fully Meets,4.46,5,6,01-07-2019,0,7
10092,"Landa, Hans",07-01-1972,M ,1,Married,1,1,Terminated for Cause,4,Production       ,5,3,0,82758,18,Production Manager,MA,1890,US Citizen,No,White,01-10-2011,12-12-2015,1,attendance,Janet King,2,Employee Referral,Fully Meets,4.78,4,0,2/15/2015,0,9
10106,"Langford, Lindsey",07/25/79,F,0,Divorced,2,0,Voluntarily Terminated,5,Production       ,5,3,0,66074,20,Production Technician II,MA,2090,US Citizen,No,Asian,01-07-2013,3/31/2014,1,Another position,David Stanley,14,Indeed,Fully Meets,4.52,3,0,2/20/2014,0,20
10052,"Langton, Enrico",12-09-1986,M ,1,Married,1,1,Active,1,Production       ,5,3,0,46120,19,Production Technician I,MA,2048,US Citizen,No,White,07-09-2012,,0,N/A-StillEmployed,David Stanley,14,LinkedIn,Fully Meets,5,5,0,02-04-2019,0,13
10038,"LaRotonda, William  ",04/26/84,M ,1,Divorced,2,0,Active,1,Admin Offices,1,3,0,64520,1,Accountant I,MA,1460,US Citizen,No,Black or African American,01-06-2014,,0,N/A-StillEmployed,Brandon R. LeBlanc,1,Website,Fully Meets,5,4,4,1/17/2019,0,3
10249,"Latif, Mohammed",05-09-1984,M ,1,Married,1,1,Voluntarily Terminated,5,Production       ,5,3,0,61962,20,Production Technician II,MA,2126,US Citizen,No,White,04-02-2012,4/15/2013,1,more money,Kissy Sullivan,20,Google Search,Fully Meets,4.9,3,0,2/20/2013,0,20
10232,"Le, Binh",06/14/87,F,0,Single,0,0,Active,1,IT/IS,3,3,0,81584,22,Senior BI Developer,MA,1886,US Citizen,No,Asian,10-02-2016,,0,N/A-StillEmployed,Brian Champaigne,13,Indeed,Fully Meets,4.1,5,7,01-08-2019,0,2
10087,"Leach, Dallas",01/17/79,F,0,Single,0,0,Voluntarily Terminated,5,Production       ,5,3,0,63676,19,Production Technician I,MA,1810,US Citizen,No,Asian,9/26/2011,8/19/2018,1,return to school,Kissy Sullivan,20,CareerBuilder,Fully Meets,4.88,3,0,07-02-2017,0,17
10134,"LeBlanc, Brandon  R",06-10-1984,M ,1,Married,1,1,Active,1,Admin Offices,1,3,0,93046,23,Shared Services Manager,MA,1460,US Citizen,No,White,01-05-2016,,0,N/A-StillEmployed,Janet King,2,CareerBuilder,Fully Meets,4.1,4,0,1/28/2019,0,20
10251,"Lecter, Hannibal",09-02-1982,M ,1,Married,1,1,Active,1,Production       ,5,3,0,64738,19,Production Technician I,MA,1776,US Citizen,No,Asian,5/14/2012,,0,N/A-StillEmployed,Elijiah Gray,16,Google Search,Fully Meets,4.1,3,0,2/22/2019,0,10
10103,"Leruth, Giovanni",12/27/88,M ,1,Separated,3,0,Active,1,Sales,6,3,0,70468,3,Area Sales Manager,UT,84111,US Citizen,No,Black or African American,4/30/2012,,0,N/A-StillEmployed,John Smith,17,Website,Fully Meets,4.53,3,0,1/29/2019,0,16
10017,"Liebig, Ketsia",10/26/81,F,0,Married,1,1,Active,1,Production       ,5,4,0,77915,18,Production Manager,MA,2110,US Citizen,No,White,9/30/2013,,0,N/A-StillEmployed,Janet King,2,Website,Exceeds,4.1,3,0,1/21/2019,0,11
10186,"Linares, Marilyn ",03/26/81,F,0,Married,1,1,Voluntarily Terminated,5,Production       ,5,3,0,52624,19,Production Technician I,MA,1886,US Citizen,No,White,07-05-2011,9/26/2018,1,unhappy,Michael Albert,22,Indeed,Fully Meets,3.18,4,0,03-02-2018,0,16
10137,"Linden, Mathew",03/19/79,M ,1,Married,1,1,Active,3,Production       ,5,3,0,63450,20,Production Technician II,MA,1770,US Citizen,No,White,07-08-2013,,0,N/A-StillEmployed,Kelley Spirea,18,LinkedIn,Fully Meets,4,3,0,2/18/2019,0,7
10008,"Lindsay, Leonara ",10-05-1988,F,0,Single,0,0,Active,1,IT/IS,3,4,1,51777,14,IT Support,CT,6070,US Citizen,Yes,Black or African American,1/21/2011,,0,N/A-StillEmployed,Eric Dougall,6,Diversity Job Fair,Exceeds,4.64,4,5,1/25/2019,0,14
10096,"Lundy, Susan",12/26/76,F,0,Widowed,4,0,Voluntarily Terminated,5,Production       ,5,3,0,67237,20,Production Technician II,MA,2122,US Citizen,No,White,07-08-2013,9/15/2016,1,more money,Michael Albert,22,LinkedIn,Fully Meets,4.65,4,0,06-10-2016,0,15
10035,"Lunquist, Lisa",03/28/82,F,0,Single,0,0,Active,1,Production       ,5,4,0,73330,20,Production Technician II,MA,2324,US Citizen,No,Black or African American,8/19/2013,,0,N/A-StillEmployed,Elijiah Gray,16,Indeed,Exceeds,4.2,4,0,02-12-2019,0,19
10057,"Lydon, Allison",10/22/75,F,0,Married,1,1,Active,3,Production       ,5,3,0,52057,19,Production Technician I,MA,2122,US Citizen,No,Black or African American,2/16/2015,,0,N/A-StillEmployed,Elijiah Gray,16,Website,Fully Meets,5,3,0,1/23/2019,0,6
10004,"Lynch, Lindsay",02/14/73,F,0,Single,0,0,Voluntarily Terminated,5,Production       ,5,4,1,47434,19,Production Technician I,MA,1844,US Citizen,Yes,Black or African American,11-07-2011,11/14/2015,1,Another position,Webster Butler,39,Diversity Job Fair,Exceeds,5,4,0,02-02-2015,0,17
10191,"MacLennan, Samuel",11-09-1972,M ,1,Widowed,4,0,Voluntarily Terminated,5,Production       ,5,3,0,52788,19,Production Technician I,MA,1938,US Citizen,No,White,9/24/2012,9/26/2017,1,hours,Amy Dunn,11,Indeed,Fully Meets,3.08,4,0,04-01-2017,0,18
10219,"Mahoney, Lauren  ",07-07-1986,F,0,Single,0,0,Active,1,Production       ,5,3,0,45395,19,Production Technician I,MA,2189,US Citizen,No,White,01-06-2014,,0,N/A-StillEmployed,Ketsia Liebig,19,LinkedIn,Fully Meets,4.6,4,0,2/26/2019,0,14
10077,"Manchester, Robyn",08/25/76,F,0,Married,1,1,Active,2,Production       ,5,3,0,62385,20,Production Technician II,MA,2324,US Citizen,No,White,05-11-2016,,0,N/A-StillEmployed,Webster Butler,,LinkedIn,Fully Meets,5,3,0,1/21/2019,0,4
10073,"Mancuso, Karen",12-10-1986,F,0,Married,1,1,Voluntarily Terminated,5,Production       ,5,3,0,68407,20,Production Technician II,MA,2176,US Citizen,No,Two or more races,07-05-2011,8/19/2012,1,Another position,Amy Dunn,11,LinkedIn,Fully Meets,5,4,0,07-02-2012,0,16
10279,"Mangal, Debbie",11-07-1974,F,0,Married,1,1,Active,1,Production       ,5,3,0,61349,19,Production Technician I,MA,2451,US Citizen,No,White,11-11-2013,,0,N/A-StillEmployed,Brannon Miller,12,LinkedIn,Fully Meets,4.1,3,0,1/22/2019,0,11
10110,"Martin, Sandra",11-07-1987,F,0,Single,0,0,Active,1,Software Engineering,4,3,0,105688,24,Software Engineer,MA,2135,US Citizen,No,Asian,11-11-2013,,0,N/A-StillEmployed,Alex Sweetwater,10,Google Search,Fully Meets,4.5,5,4,1/14/2019,0,14
10053,"Maurice, Shana",11/22/77,F,0,Married,1,1,Active,1,Production       ,5,3,0,54132,19,Production Technician I,MA,2330,US Citizen,No,White,5/31/2011,,0,N/A-StillEmployed,David Stanley,14,Indeed,Fully Meets,5,4,0,01-10-2019,0,8
10076,"Carthy, B'rigit",05/21/87,F,0,Single,0,0,Active,1,Production       ,5,3,0,55315,20,Production Technician II,MA,2149,US Citizen,No,Black or African American,3/30/2015,,0,N/A-StillEmployed,Ketsia Liebig,19,LinkedIn,Fully Meets,5,5,0,02-07-2019,0,16
10145,"Mckenna, Sandy",01-07-1987,F,0,Married,1,1,Active,1,Production       ,5,3,0,62810,19,Production Technician I,MA,2184,US Citizen,No,Black or African American,01-07-2013,,0,N/A-StillEmployed,Kissy Sullivan,20,CareerBuilder,Fully Meets,3.93,3,0,1/30/2019,0,20
10202,"McKinzie, Jac",07-01-1984,M ,1,Married,1,1,Active,2,Sales,6,3,0,63291,3,Area Sales Manager,TX,78789,US Citizen,No,Two or more races,07-06-2016,,0,N/A-StillEmployed,Lynn Daneault,21,Website,Fully Meets,3.4,4,0,1/29/2019,0,7
10128,"Meads, Elizabeth",05/30/68,F,0,Single,0,0,Voluntarily Terminated,5,Production       ,5,3,1,62659,19,Production Technician I,MA,1760,US Citizen,No,Black or African American,04-02-2012,11-11-2016,1,Another position,Kelley Spirea,18,Diversity Job Fair,Fully Meets,4.18,4,0,02-05-2016,0,17
10068,"Medeiros, Jennifer",09/22/76,F,0,Single,0,0,Active,1,Production       ,5,3,0,55688,19,Production Technician I,MA,2346,US Citizen,No,White,3/30/2015,,0,N/A-StillEmployed,Michael Albert,22,CareerBuilder,Fully Meets,5,4,0,1/21/2019,0,10
10116,"Miller, Brannon",08-10-1981,M ,1,Single,0,0,Active,1,Production       ,5,3,0,83667,18,Production Manager,MA,2045,US Citizen,yes,Hispanic,8/16/2012,,0,N/A-StillEmployed,Janet King,2,Indeed,Fully Meets,4.37,3,0,1/14/2019,0,2
10298,"Miller, Ned",06/29/85,M ,1,Single,0,0,Voluntarily Terminated,5,Production       ,5,1,0,55800,20,Production Technician II,MA,2472,US Citizen,No,White,8/15/2011,09-04-2014,1,unhappy,Brannon Miller,12,LinkedIn,PIP,3,2,0,1/14/2013,6,6
10213,"Monkfish, Erasumus",08/17/92,M ,1,Married,1,1,Active,1,Production       ,5,3,0,58207,20,Production Technician II,MA,1450,US Citizen,No,White,11-07-2011,,0,N/A-StillEmployed,David Stanley,14,LinkedIn,Fully Meets,3.7,3,0,01-08-2019,0,14
10288,"Monroe, Peter",10-05-1986,M ,1,Married,1,1,Active,1,IT/IS,3,2,1,157000,13,IT Manager - Infra,MA,2134,Eligible NonCitizen,Yes,Black or African American,2/15/2012,,0,N/A-StillEmployed,Jennifer Zamora,5,Diversity Job Fair,Needs Improvement,2.39,3,6,2/22/2019,4,13
10025,"Monterro, Luisa",04/24/70,F,0,Single,0,0,Active,1,Production       ,5,4,0,72460,20,Production Technician II,MA,2126,US Citizen,No,Black or African American,5/13/2013,,0,N/A-StillEmployed,Kissy Sullivan,20,Indeed,Exceeds,4.7,3,0,1/14/2019,0,1
10223,"Moran, Patrick",12-03-1976,M ,1,Single,0,0,Active,3,Production       ,5,3,1,72106,20,Production Technician II,MA,2127,US Citizen,No,Black or African American,01-09-2012,,0,N/A-StillEmployed,Kelley Spirea,18,Diversity Job Fair,Fully Meets,4.1,4,0,1/31/2019,0,12
10151,"Morway, Tanya",04-04-1979,F,0,Married,1,1,Active,1,IT/IS,3,3,0,52599,15,Network Engineer,MA,2048,US Citizen,No,White,2/16/2015,,0,N/A-StillEmployed,Peter Monroe,7,CareerBuilder,Fully Meets,3.81,3,6,02-11-2019,0,6
10254,"Motlagh,  Dawn",07-07-1984,F,0,Divorced,2,0,Active,1,Production       ,5,3,0,63430,19,Production Technician I,MA,2453,US Citizen,No,White,04-01-2013,,0,N/A-StillEmployed,Elijiah Gray,16,LinkedIn,Fully Meets,4.4,4,0,1/17/2019,0,18
10120,"Moumanil, Maliki ",12-01-1974,M ,1,Separated,3,0,Active,1,Production       ,5,3,0,74417,20,Production Technician II,MA,1460,US Citizen,No,Black or African American,5/13/2013,,0,N/A-StillEmployed,Michael Albert,22,LinkedIn,Fully Meets,4.29,5,0,1/28/2019,0,11
10216,"Myers, Michael",04/18/80,M ,1,Single,0,0,Active,1,Production       ,5,3,0,57575,19,Production Technician I,MA,1550,US Citizen,No,Asian,07-08-2013,,0,N/A-StillEmployed,Kissy Sullivan,20,LinkedIn,Fully Meets,4.1,4,0,1/22/2019,0,13
10079,"Navathe, Kurt",04/25/70,M ,1,Single,0,0,Active,1,IT/IS,3,3,0,87921,22,Senior BI Developer,MA,2056,US Citizen,No,Asian,02-10-2017,,0,N/A-StillEmployed,Brian Champaigne,13,Indeed,Fully Meets,5,3,6,2/25/2019,0,17
10215,"Ndzi, Colombui",05-02-1989,M ,1,Single,0,0,Voluntarily Terminated,5,Production       ,5,3,1,50470,19,Production Technician I,MA,2110,US Citizen,No,Black or African American,9/26/2011,04-04-2014,1,return to school,Webster Butler,39,Diversity Job Fair,Fully Meets,4.3,3,0,03-02-2013,0,19
10185,"Ndzi, Horia",03/28/83,M ,1,Married,1,1,Voluntarily Terminated,5,Production       ,5,3,0,46664,19,Production Technician I,MA,2421,US Citizen,No,White,04-01-2013,5/25/2016,1,more money,Amy Dunn,11,Employee Referral,Fully Meets,3.18,3,0,03-06-2016,0,10
10063,"Newman, Richard ",04-08-1977,M ,1,Married,1,1,Active,3,Production       ,5,3,0,48495,19,Production Technician I,MA,2136,US Citizen,No,White,05-12-2014,,0,N/A-StillEmployed,Ketsia Liebig,19,LinkedIn,Fully Meets,5,5,0,2/18/2019,0,11
10037,"Ngodup, Shari ",06-03-1967,F,0,Separated,3,0,Active,1,Production       ,5,4,1,52984,19,Production Technician I,MA,1810,US Citizen,No,Black or African American,04-01-2013,,0,N/A-StillEmployed,Brannon Miller,12,Diversity Job Fair,Exceeds,4,3,0,2/13/2019,0,12
10042,"Nguyen, Dheepa",03/31/89,F,0,Single,0,0,Active,1,Sales,6,3,0,63695,3,Area Sales Manager,GA,30428,US Citizen,No,Two or more races,07-08-2013,,0,N/A-StillEmployed,Lynn Daneault,21,Indeed,Fully Meets,5,5,0,1/25/2019,0,2
10206,"Nguyen, Lei-Ming",07-07-1984,F,0,Single,0,0,Active,1,Production       ,5,3,0,62061,19,Production Technician I,MA,2132,US Citizen,No,White,07-08-2013,,0,N/A-StillEmployed,David Stanley,14,LinkedIn,Fully Meets,3.6,5,0,01-02-2019,0,4
10104,"Nowlan, Kristie",11/23/85,F,0,Single,0,0,Active,1,Production       ,5,3,0,66738,20,Production Technician II,MA,1040,US Citizen,No,White,11-10-2014,,0,N/A-StillEmployed,Elijiah Gray,16,Indeed,Fully Meets,4.53,5,0,1/16/2019,0,5
10303,"O'hare, Lynn",09/30/80,F,0,Single,0,0,Terminated for Cause,4,Production       ,5,1,0,52674,19,Production Technician I,MA,2152,US Citizen,No,Two or more races,3/31/2014,05-01-2018,1,performance,Kissy Sullivan,20,LinkedIn,PIP,2.33,2,0,03-09-2018,6,3
10078,"Oliver, Brooke ",02-11-1952,F,0,Married,1,1,Voluntarily Terminated,5,Production       ,5,3,0,71966,20,Production Technician II,MA,2492,US Citizen,No,Asian,5/14/2012,8/19/2013,1,unhappy,Webster Butler,39,LinkedIn,Fully Meets,5,3,0,07-02-2013,0,17
10121,"Onque, Jasmine",05-11-1990,F,0,Single,0,0,Active,1,Sales,6,3,0,63051,3,Area Sales Manager,FL,33174,US Citizen,Yes,White,9/30/2013,,0,N/A-StillEmployed,Lynn Daneault,21,Indeed,Fully Meets,4.28,3,0,1/25/2019,0,1
10021,"Osturnka, Adeel",12-11-1976,M ,1,Married,1,1,Active,1,Production       ,5,4,0,47414,19,Production Technician I,MA,2478,US Citizen,No,White,9/30/2013,,0,N/A-StillEmployed,Kelley Spirea,18,LinkedIn,Exceeds,5,3,0,02-07-2019,0,13
10281,"Owad, Clinton",11/24/79,M ,1,Single,0,0,Active,1,Production       ,5,2,0,53060,19,Production Technician I,MA,1760,US Citizen,No,Black or African American,2/17/2014,,0,N/A-StillEmployed,Michael Albert,22,LinkedIn,Needs Improvement,4.25,3,0,02-04-2019,4,6
10041,"Ozark, Travis",05/19/82,M ,1,Single,0,0,Active,1,Sales,6,3,0,68829,3,Area Sales Manager,NC,27229,US Citizen,No,White,01-05-2015,,0,N/A-StillEmployed,John Smith,17,Website,Fully Meets,5,5,0,1/14/2019,0,18
10148,"Panjwani, Nina",05-01-1979,F,0,Married,1,1,Voluntarily Terminated,5,Production       ,5,3,0,63515,19,Production Technician I,MA,2351,US Citizen,No,White,02-07-2011,01-12-2014,1,Another position,Elijiah Gray,16,Google Search,Fully Meets,3.89,4,0,03-04-2013,0,7
10005,"Patronick, Lucas",02/20/79,M ,1,Single,0,0,Voluntarily Terminated,5,Software Engineering,4,4,1,108987,24,Software Engineer,MA,1844,US Citizen,No,Black or African American,11-07-2011,09-07-2015,1,Another position,Alex Sweetwater,10,Diversity Job Fair,Exceeds,5,5,3,8/16/2015,0,13
10259,"Pearson, Randall",09-05-1984,M ,1,Married,1,1,Voluntarily Terminated,5,IT/IS,3,3,0,93093,9,Data Analyst,MA,2747,US Citizen,No,White,12-01-2014,05-01-2016,1,performance,Simon Roup,4,Employee Referral,Fully Meets,4.7,4,5,1/16/2016,0,19
10286,"Smith, Martin",03/17/88,M ,1,Single,0,0,Voluntarily Terminated,5,Production       ,5,2,0,53564,19,Production Technician I,MA,2458,US Citizen,No,Black or African American,01-10-2011,12/28/2017,1,career change,Webster Butler,39,Google Search,Needs Improvement,3.54,5,0,04-06-2017,4,15
10297,"Pelletier, Ermine",07/18/89,F,0,Married,1,1,Voluntarily Terminated,5,Production       ,5,2,0,60270,20,Production Technician II,MA,2472,US Citizen,No,Asian,07-05-2011,9/15/2015,1,unhappy,Amy Dunn,11,CareerBuilder,Needs Improvement,2.4,5,0,02-06-2015,5,2
10171,"Perry, Shakira",07/20/86,F,0,Single,0,0,Voluntarily Terminated,5,Production       ,5,3,0,45998,19,Production Technician I,MA,2176,US Citizen,No,White,5/16/2011,10/25/2015,1,medical issues,Amy Dunn,11,LinkedIn,Fully Meets,3.45,4,0,5/13/2014,0,5
10032,"Peters, Lauren",08/17/86,F,0,Married,1,1,Voluntarily Terminated,5,Production       ,5,4,0,57954,20,Production Technician II,MA,1886,US Citizen,No,White,5/16/2011,02-04-2013,1,more money,Ketsia Liebig,19,Indeed,Exceeds,4.2,5,0,01-10-2013,0,12
10130,"Peterson, Ebonee  ",05-09-1977,F,0,Married,1,1,Voluntarily Terminated,5,Production       ,5,3,0,74669,18,Production Manager,MA,2030,US Citizen,No,White,10/25/2010,5/18/2016,1,Another position,Janet King,2,Indeed,Fully Meets,4.16,5,0,03-05-2015,0,6
10217,"Petingill, Shana  ",03-10-1979,F,0,Married,1,1,Active,1,Production       ,5,3,0,74226,20,Production Technician II,MA,2050,Eligible NonCitizen,No,Asian,04-02-2012,,0,N/A-StillEmployed,Brannon Miller,12,LinkedIn,Fully Meets,4.3,3,0,1/14/2019,0,14
10016,"Petrowsky, Thelma",09/16/84,F,0,Married,1,1,Active,1,IT/IS,3,4,0,93554,9,Data Analyst,MA,1886,US Citizen,No,Black or African American,11-10-2014,,0,N/A-StillEmployed,Simon Roup,4,Employee Referral,Exceeds,4.6,5,7,01-04-2019,0,16
10050,"Pham, Hong",03-06-1988,M ,1,Married,1,1,Voluntarily Terminated,5,Production       ,5,3,0,64724,19,Production Technician I,MA,2451,US Citizen,No,Asian,07-05-2011,11/30/2012,1,more money,Brannon Miller,12,Google Search,Fully Meets,5,3,0,2/20/2012,0,13
10164,"Pitt, Brad ",11/23/81,M ,1,Single,0,0,Active,1,Production       ,5,3,0,47001,19,Production Technician I,MA,2451,US Citizen,No,White,11-05-2007,,0,N/A-StillEmployed,David Stanley,14,Google Search,Fully Meets,3.66,3,0,2/25/2019,0,15
10124,"Potts, Xana",08/29/88,F,0,Married,1,1,Active,1,Sales,6,3,0,61844,3,Area Sales Manager,KY,40220,US Citizen,No,Black or African American,01-09-2012,,0,N/A-StillEmployed,Lynn Daneault,21,Website,Fully Meets,4.2,5,0,02-01-2019,0,9
10187,"Power, Morissa",10/15/84,F,0,Divorced,2,0,Voluntarily Terminated,5,Production       ,5,3,0,46799,19,Production Technician I,MA,1742,Eligible NonCitizen,No,Asian,5/16/2011,06-04-2018,1,Another position,Kissy Sullivan,20,Google Search,Fully Meets,3.17,4,0,04-02-2018,0,14
10225,"Punjabhi, Louis  ",06/19/61,M ,1,Single,0,0,Active,1,Production       ,5,3,0,59472,19,Production Technician I,MA,2109,US Citizen,No,White,01-06-2014,,0,N/A-StillEmployed,Kelley Spirea,18,Employee Referral,Fully Meets,4.8,3,0,01-07-2019,0,14
10262,"Purinton, Janine",09/22/70,F,0,Divorced,2,0,Voluntarily Terminated,5,Production       ,5,3,0,46430,19,Production Technician I,MA,2474,US Citizen,No,White,9/24/2012,6/18/2013,1,unhappy,Kissy Sullivan,20,Indeed,Fully Meets,4.5,5,0,04-02-2013,0,16
10131,"Quinn, Sean",11-06-1984,M ,1,Married,1,1,Voluntarily Terminated,5,Software Engineering,1,3,1,83363,23,Software Engineer,MA,2045,Eligible NonCitizen,No,Black or African American,2/21/2011,8/15/2015,1,career change,Janet King,2,Diversity Job Fair,Fully Meets,4.15,4,0,4/19/2014,0,4
10239,"Rachael, Maggie",05-12-1980,F,0,Married,1,1,Active,1,IT/IS,3,3,0,95920,4,BI Developer,MA,2110,US Citizen,No,Black or African American,10-02-2016,,0,N/A-StillEmployed,Brian Champaigne,13,Indeed,Fully Meets,4.4,4,6,02-06-2019,0,10
10152,"Rarrick, Quinn",12/31/84,M ,1,Divorced,2,0,Voluntarily Terminated,5,Production       ,5,3,0,61729,19,Production Technician I,MA,2478,US Citizen,No,White,9/26/2011,04-07-2018,1,more money,Michael Albert,22,Indeed,Fully Meets,3.8,5,0,02-04-2018,0,19
10140,"Ren, Kylo",10-12-1954,M ,1,Married,1,1,Active,1,Sales,6,3,0,61809,3,Area Sales Manager,ID,83706,US Citizen,No,White,05-12-2014,,0,N/A-StillEmployed,John Smith,17,CareerBuilder,Fully Meets,3.98,3,0,1/28/2019,0,4
10058,"Rhoads, Thomas",07/22/82,M ,1,Divorced,2,0,Voluntarily Terminated,5,Production       ,5,3,0,45115,19,Production Technician I,MA,2176,US Citizen,Yes,White,5/16/2011,1/15/2016,1,retiring,Elijiah Gray,16,LinkedIn,Fully Meets,5,4,0,3/30/2015,0,11
10011,"Rivera, Haley  ",01-12-1973,F,0,Married,1,1,Active,1,Production       ,5,4,0,46738,19,Production Technician I,MA,2171,US Citizen,No,Asian,11/28/2011,,0,N/A-StillEmployed,Webster Butler,,Google Search,Exceeds,4.36,5,0,02-11-2019,0,16
10230,"Roberson, May",09-05-1981,F,0,Divorced,2,0,Voluntarily Terminated,5,Production       ,5,3,0,64971,20,Production Technician II,MA,1902,Eligible NonCitizen,No,Black or African American,9/26/2011,10/22/2011,1,return to school,David Stanley,14,Google Search,Fully Meets,4.5,4,0,10/22/2011,0,10
10224,"Robertson, Peter",07-03-1972,M ,1,Married,1,1,Voluntarily Terminated,5,Production       ,5,3,0,55578,20,Production Technician II,MA,2138,US Citizen,No,White,07-05-2011,02-08-2012,1,Another position,Kissy Sullivan,20,Indeed,Fully Meets,4.2,5,0,01-06-2012,0,13
10047,"Robinson, Alain  ",01-07-1974,M ,1,Married,1,1,Voluntarily Terminated,5,Production       ,5,3,0,50428,19,Production Technician I,MA,1420,US Citizen,No,Black or African American,01-10-2011,1/26/2016,1,attendance,Amy Dunn,11,Indeed,Fully Meets,5,3,0,01-10-2015,0,11
10285,"Robinson, Cherly",01-07-1985,F,0,Married,1,1,Terminated for Cause,4,Production       ,5,2,0,61422,19,Production Technician I,MA,1460,US Citizen,No,White,01-10-2011,5/17/2016,1,attendance,Ketsia Liebig,19,Indeed,Needs Improvement,3.6,3,0,04-05-2016,4,16
10020,"Robinson, Elias",01/28/85,M ,1,Widowed,4,0,Active,1,Production       ,5,4,0,63353,19,Production Technician I,MA,1730,US Citizen,No,White,07-08-2013,,0,N/A-StillEmployed,Brannon Miller,12,Employee Referral,Exceeds,3.6,5,0,02-11-2019,0,4
10162,"Roby, Lori ",10-11-1981,F,0,Married,1,1,Active,1,IT/IS,3,3,0,89883,9,Data Analyst,MA,1886,US Citizen,No,White,2/16/2015,,0,N/A-StillEmployed,Simon Roup,4,Employee Referral,Fully Meets,3.69,5,6,2/14/2019,0,15
10149,"Roehrich, Bianca",05/27/73,F,0,Single,0,0,Voluntarily Terminated,5,IT/IS,3,3,0,120000,29,Principal Data Architect,MA,2703,US Citizen,Yes,White,01-05-2015,11-10-2018,1,Another position,Simon Roup,4,LinkedIn,Fully Meets,3.88,3,7,2/13/2018,0,12
10086,"Roper, Katie",11/21/72,F,0,Single,0,0,Active,1,IT/IS,3,3,0,150290,7,Data Architect,MA,2056,US Citizen,No,Black or African American,01-07-2017,,0,N/A-StillEmployed,Brian Champaigne,13,Indeed,Fully Meets,4.94,3,5,02-06-2019,0,17
10054,"Rose, Ashley  ",12-05-1974,F,0,Separated,3,0,Active,1,Production       ,5,3,0,60627,19,Production Technician I,MA,1886,US Citizen,No,White,01-06-2014,,0,N/A-StillEmployed,David Stanley,14,Website,Fully Meets,5,4,0,1/31/2019,0,8
10065,"Rossetti, Bruno",03/18/87,M ,1,Single,0,0,Voluntarily Terminated,5,Production       ,5,3,0,53180,19,Production Technician I,MA,2155,US Citizen,No,White,04-04-2011,8/13/2018,1,Another position,Kissy Sullivan,20,Google Search,Fully Meets,5,5,0,07-02-2018,0,4
10198,"Roup,Simon",04-05-1973,M ,1,Single,0,0,Active,1,IT/IS,3,3,0,140920,13,IT Manager - DB,MA,2481,US Citizen,No,White,1/20/2013,,0,N/A-StillEmployed,Jennifer Zamora,5,Indeed,Fully Meets,3.6,5,7,2/18/2019,0,13
10222,"Ruiz, Ricardo",01-04-1964,M ,1,Divorced,2,0,Voluntarily Terminated,5,IT/IS,3,3,1,148999,13,IT Manager - DB,MA,1915,US Citizen,No,Black or African American,01-09-2012,11-04-2015,1,hours,Jennifer Zamora,5,Diversity Job Fair,Fully Meets,4.3,4,6,01-04-2015,0,8
10126,"Saada, Adell",07/24/86,F,0,Married,1,1,Active,1,Software Engineering,4,3,0,86214,24,Software Engineer,MA,2132,US Citizen,No,White,11-05-2012,,0,N/A-StillEmployed,Alex Sweetwater,10,Indeed,Fully Meets,4.2,3,6,2/13/2019,0,2
10295,"Saar-Beckles, Melinda",06-06-1968,F,0,Single,0,0,Active,2,Production       ,5,2,1,47750,19,Production Technician I,MA,1801,US Citizen,No,Black or African American,07-04-2016,,0,N/A-StillEmployed,Kelley Spirea,18,Diversity Job Fair,Needs Improvement,2.6,4,0,2/18/2019,5,4
10260,"Sadki, Nore  ",12/21/74,M ,1,Single,0,0,Voluntarily Terminated,5,Production       ,5,3,0,46428,19,Production Technician I,MA,2148,US Citizen,No,White,01-05-2009,7/30/2018,1,relocation out of area,Michael Albert,22,Google Search,Fully Meets,4.6,5,0,02-05-2018,0,7
10233,"Sahoo, Adil",04/26/86,M ,1,Married,1,1,Active,1,Production       ,5,3,0,57975,20,Production Technician II,MA,2062,US Citizen,No,White,8/30/2010,,0,N/A-StillEmployed,Kelley Spirea,18,CareerBuilder,Fully Meets,4.1,3,0,01-10-2019,0,13
10229,"Salter, Jason",12/17/87,M ,1,Divorced,2,0,Voluntarily Terminated,5,IT/IS,3,3,0,88527,9,Data Analyst ,MA,2452,US Citizen,No,Black or African American,01-05-2015,10/31/2015,1,hours,Simon Roup,4,LinkedIn,Fully Meets,4.2,3,5,4/20/2015,0,2
10169,"Sander, Kamrin",07-10-1988,F,0,Married,1,1,Active,1,Production       ,5,3,0,56147,19,Production Technician I,MA,2154,US Citizen,No,Black or African American,9/29/2014,,0,N/A-StillEmployed,Elijiah Gray,16,LinkedIn,Fully Meets,3.51,3,0,2/18/2019,0,2
10071,"Sewkumar, Nori",03-10-1975,F,0,Single,0,0,Active,3,Production       ,5,3,0,50923,19,Production Technician I,MA,2191,US Citizen,No,Asian,9/30/2013,,0,N/A-StillEmployed,Webster Butler,,Google Search,Fully Meets,5,5,0,02-06-2019,0,14
10179,"Shepard, Anita ",04/14/81,F,0,Married,1,1,Active,1,IT/IS,3,3,0,50750,15,Network Engineer,MA,1773,US Citizen,No,White,9/30/2014,,0,N/A-StillEmployed,Peter Monroe,7,LinkedIn,Fully Meets,3.31,3,6,01-07-2019,0,7
10091,"Shields, Seffi",08/24/85,F,0,Married,1,1,Active,1,Production       ,5,3,0,52087,19,Production Technician I,MA,2149,US Citizen,No,White,8/19/2013,,0,N/A-StillEmployed,Amy Dunn,11,LinkedIn,Fully Meets,4.81,4,0,2/15/2019,0,15
10178,"Simard, Kramer",02-08-1970,M ,1,Married,1,1,Active,1,IT/IS,3,3,0,87826,9,Data Analyst,MA,2110,US Citizen,Yes,White,01-05-2015,,0,N/A-StillEmployed,Simon Roup,4,Employee Referral,Fully Meets,3.32,3,7,1/14/2019,0,16
10039,"Singh, Nan ",05/19/88,F,0,Single,0,0,Active,1,Admin Offices,1,3,0,51920,2,Administrative Assistant,MA,2330,US Citizen,No,White,05-01-2015,,0,N/A-StillEmployed,Brandon R. LeBlanc,1,Website,Fully Meets,5,3,5,1/15/2019,0,2
10095,"Sloan, Constance",11/25/87,F,0,Single,0,0,Voluntarily Terminated,5,Production       ,5,3,0,63878,20,Production Technician II,MA,1851,US Citizen,No,White,10/26/2009,04-08-2015,1,maternity leave - did not return,Michael Albert,22,CareerBuilder,Fully Meets,4.68,4,0,04-02-2015,0,20
10027,"Smith, Joe",10/30/63,M ,1,Single,0,0,Active,1,Production       ,5,4,0,60656,20,Production Technician II,MA,2045,US Citizen,No,White,9/29/2014,,0,N/A-StillEmployed,Elijiah Gray,16,Indeed,Exceeds,4.3,3,0,1/28/2019,0,4
10291,"Smith, John",08/16/84,M ,1,Divorced,2,0,Active,1,Sales,6,2,1,72992,21,Sales Manager,MA,1886,US Citizen,No,Black or African American,5/18/2014,,0,N/A-StillEmployed,Debra Houlihan,15,Diversity Job Fair,Needs Improvement,2.4,4,0,1/16/2019,2,16
10153,"Smith, Leigh Ann",06/14/87,F,0,Married,1,1,Voluntarily Terminated,5,Admin Offices,1,3,1,55000,2,Administrative Assistant,MA,1844,US Citizen,No,Black or African American,9/26/2011,9/25/2013,1,career change,Brandon R. LeBlanc,1,Diversity Job Fair,Fully Meets,3.8,4,4,8/15/2013,0,17
10157,"Smith, Sade",02-02-1965,F,0,Single,0,0,Active,1,Production       ,5,3,0,58939,19,Production Technician I,MA,2130,US Citizen,No,White,11-11-2013,,0,N/A-StillEmployed,Ketsia Liebig,19,Employee Referral,Fully Meets,3.73,3,0,1/24/2019,0,16
10119,"Soto, Julia ",03-12-1973,F,0,Married,1,1,Active,1,IT/IS,3,3,0,66593,14,IT Support,MA,2360,US Citizen,No,Black or African American,06-10-2011,,0,N/A-StillEmployed,Eric Dougall,6,LinkedIn,Fully Meets,4.3,3,5,02-08-2019,0,19
10180,"Soze, Keyser",02-09-1983,M ,1,Married,1,1,Active,2,IT/IS,3,3,0,87565,28,Sr. Network Engineer,MA,1545,US Citizen,No,Asian,6/30/2016,,0,N/A-StillEmployed,Peter Monroe,7,LinkedIn,Fully Meets,3.27,4,5,1/14/2019,0,13
10302,"Sparks, Taylor  ",07/20/68,F,0,Married,1,1,Active,1,Production       ,5,1,0,64021,19,Production Technician I,MA,2093,US Citizen,No,White,2/20/2012,,0,N/A-StillEmployed,Brannon Miller,12,Indeed,PIP,2.4,2,1,2/25/2019,6,20
10090,"Spirea, Kelley",09/30/75,F,0,Married,1,1,Active,1,Production       ,5,3,0,65714,18,Production Manager,MA,2451,US Citizen,No,White,10-02-2012,,0,N/A-StillEmployed,Janet King,2,LinkedIn,Fully Meets,4.83,5,0,2/14/2019,0,15
10030,"Squatrito, Kristen",03/26/73,F,0,Divorced,2,0,Voluntarily Terminated,5,Production       ,5,4,0,62425,19,Production Technician I,MA,2359,US Citizen,No,White,5/13/2013,6/29/2015,1,unhappy,David Stanley,14,LinkedIn,Exceeds,4.1,4,0,03-02-2015,0,16
10278,"Stanford,Barbara  M",08/25/82,F,0,Divorced,2,0,Active,1,Production       ,5,3,0,47961,19,Production Technician I,MA,2050,US Citizen,No,Two or more races,01-10-2011,,0,N/A-StillEmployed,Kissy Sullivan,20,Google Search,Fully Meets,4.1,4,0,02-07-2019,0,9
10307,"Stansfield, Norman",05-09-1974,M ,1,Married,1,1,Active,1,Sales,6,1,0,58273,3,Area Sales Manager,NV,89139,US Citizen,No,White,05-12-2014,,0,N/A-StillEmployed,Lynn Daneault,21,Website,PIP,1.81,2,0,1/17/2019,3,5
10147,"Steans, Tyrone  ",09-01-1986,M ,1,Single,0,0,Active,1,Admin Offices,1,3,0,63003,1,Accountant I,MA,2703,US Citizen,No,White,9/29/2014,,0,N/A-StillEmployed,Brandon R. LeBlanc,1,Indeed,Fully Meets,3.9,5,5,1/18/2019,0,9
10266,"Stoica, Rick",03/14/85,M ,1,Married,1,1,Active,1,Production       ,5,3,0,61355,19,Production Technician I,MA,2301,US Citizen,No,Asian,2/17/2014,,0,N/A-StillEmployed,Kelley Spirea,18,LinkedIn,Fully Meets,4.7,3,0,01-11-2019,0,4
10241,"Strong, Caitrin",05-12-1989,F,0,Married,1,1,Active,1,Sales,6,3,0,60120,3,Area Sales Manager,MT,59102,US Citizen,No,Black or African American,9/27/2010,,0,N/A-StillEmployed,John Smith,17,Indeed,Fully Meets,4.1,4,0,1/31/2019,0,18
10158,"Sullivan, Kissy ",03/28/78,F,0,Married,1,1,Active,1,Production       ,5,3,0,63682,18,Production Manager,MA,1776,US Citizen,No,Black or African American,01-08-2009,,0,N/A-StillEmployed,Janet King,2,Indeed,Fully Meets,3.73,4,0,1/24/2019,0,12
10117,"Sullivan, Timothy",10-07-1982,M ,1,Married,1,1,Active,1,Production       ,5,3,0,63025,19,Production Technician I,MA,2747,US Citizen,Yes,White,01-05-2015,,0,N/A-StillEmployed,Michael Albert,22,Google Search,Fully Meets,4.36,5,0,1/24/2019,0,10
10209,"Sutwell, Barbara",08/15/68,F,0,Single,0,0,Active,1,Production       ,5,3,0,59238,19,Production Technician I,MA,2718,Eligible NonCitizen,No,Asian,5/14/2012,,0,N/A-StillEmployed,Elijiah Gray,16,Indeed,Fully Meets,3.4,5,0,1/31/2019,0,13
10024,"Szabo, Andrew",05-06-1983,M ,1,Single,0,0,Active,1,Software Engineering,4,4,0,92989,24,Software Engineer,MA,2140,US Citizen,No,White,07-07-2014,,0,N/A-StillEmployed,Alex Sweetwater,10,LinkedIn,Exceeds,4.5,5,5,2/18/2019,0,1
10173,"Tannen, Biff",10/24/87,M ,1,Married,1,1,Active,1,IT/IS,3,3,0,90100,4,BI Developer,MA,2134,US Citizen,No,White,4/20/2017,,0,N/A-StillEmployed,Brian Champaigne,13,Indeed,Fully Meets,3.4,3,6,01-02-2019,0,14
10221,"Tavares, Desiree  ",04-03-1975,F,0,Married,1,1,Voluntarily Terminated,5,Production       ,5,3,1,60754,19,Production Technician I,MA,1801,Non-Citizen,No,Black or African American,4/27/2009,04-01-2013,1,Another position,Webster Butler,39,Diversity Job Fair,Fully Meets,4.5,5,0,2/15/2012,0,11
10146,"Tejeda, Lenora ",05/24/53,F,0,Married,1,1,Voluntarily Terminated,5,Production       ,5,3,0,72202,20,Production Technician II,MA,2129,US Citizen,No,White,5/16/2011,07-08-2017,1,Another position,Elijiah Gray,16,Google Search,Fully Meets,3.93,3,0,4/18/2017,0,3
10161,"Terry, Sharlene ",05-07-1965,F,0,Single,0,0,Active,1,Sales,6,3,0,58370,3,Area Sales Manager,OR,97756,US Citizen,No,Black or African American,9/29/2014,,0,N/A-StillEmployed,Lynn Daneault,21,Indeed,Fully Meets,3.69,3,0,1/28/2019,0,18
10141,"Theamstern, Sophia",05-09-1965,F,0,Single,0,0,Voluntarily Terminated,5,Production       ,5,3,0,48413,19,Production Technician I,MA,2066,US Citizen,No,White,07-05-2011,09-05-2016,1,return to school,Amy Dunn,11,Indeed,Fully Meets,3.98,4,0,03-02-2016,0,1
10268,"Thibaud, Kenneth",09/16/75,M ,1,Widowed,4,0,Voluntarily Terminated,5,Production       ,5,3,0,67176,20,Production Technician II,MA,2472,US Citizen,No,White,6/25/2007,8/30/2010,1,military,Webster Butler,39,Other,Fully Meets,4.1,4,0,7/14/2010,0,15
10123,"Tippett, Jeanette",06-05-1967,F,0,Divorced,2,0,Active,1,Production       ,5,3,0,56339,19,Production Technician I,MA,2093,US Citizen,No,Black or African American,2/18/2013,,0,N/A-StillEmployed,Brannon Miller,12,Indeed,Fully Meets,4.21,5,0,1/14/2019,0,4
10013,"Torrence, Jack",01/15/68,M ,1,Separated,3,0,Active,1,Sales,6,4,0,64397,3,Area Sales Manager,ND,58782,US Citizen,No,White,01-09-2006,,0,N/A-StillEmployed,Lynn Daneault,21,Indeed,Exceeds,4.1,3,0,01-04-2019,0,6
10287,"Trang, Mei",05/16/83,F,0,Single,0,0,Active,1,Production       ,5,2,0,63025,19,Production Technician I,MA,2021,US Citizen,No,White,2/17/2014,,0,N/A-StillEmployed,David Stanley,14,LinkedIn,Needs Improvement,2.44,5,0,02-11-2019,4,18
10044,"Tredinnick, Neville ",05-05-1988,M ,1,Married,1,1,Voluntarily Terminated,5,IT/IS,3,3,0,75281,15,Network Engineer,MA,1420,US Citizen,No,White,01-05-2015,02-12-2016,1,medical issues,Peter Monroe,7,CareerBuilder,Fully Meets,5,3,5,4/15/2015,0,11
10102,"True, Edward",06/14/83,M ,1,Single,0,0,Voluntarily Terminated,5,Software Engineering,4,3,1,100416,24,Software Engineer,MA,2451,Non-Citizen,No,Black or African American,2/18/2013,4/15/2018,1,medical issues,Alex Sweetwater,10,Diversity Job Fair,Fully Meets,4.6,3,4,02-12-2017,0,9
10270,"Trzeciak, Cybil",03/15/85,F,0,Single,0,0,Voluntarily Terminated,5,Production       ,5,3,0,74813,20,Production Technician II,MA,1778,US Citizen,No,White,01-10-2011,07-02-2014,1,unhappy,Amy Dunn,11,LinkedIn,Fully Meets,4.4,3,0,01-05-2014,0,5
10045,"Turpin, Jumil",03/31/69,M ,1,Married,1,1,Active,1,IT/IS,3,3,0,76029,15,Network Engineer,MA,2343,Eligible NonCitizen,No,White,3/30/2015,,0,N/A-StillEmployed,Peter Monroe,7,Employee Referral,Fully Meets,5,4,7,1/14/2019,0,8
10205,"Valentin,Jackie",05/23/91,F,0,Married,1,1,Active,1,Sales,6,3,0,57859,3,Area Sales Manager,AZ,85006,US Citizen,No,Two or more races,07-05-2011,,0,N/A-StillEmployed,John Smith,17,Indeed,Fully Meets,2.81,3,0,1/17/2019,0,16
10014,"Veera, Abdellah ",01/31/87,M ,1,Divorced,2,0,Voluntarily Terminated,5,Production       ,5,4,0,58523,19,Production Technician I,MA,2171,US Citizen,No,White,8/13/2012,02-05-2016,1,maternity leave - did not return,Kissy Sullivan,20,LinkedIn,Exceeds,4.5,5,0,02-01-2016,0,15
10144,"Vega, Vincent",10-10-1968,M ,1,Divorced,2,0,Active,1,Production       ,5,3,0,88976,17,Production Manager,MA,2169,US Citizen,No,White,08-01-2011,,0,N/A-StillEmployed,Janet King,2,Employee Referral,Fully Meets,3.93,3,0,2/27/2019,0,19
10253,"Villanueva, Noah",07-11-1989,M ,1,Single,0,0,Active,1,Sales,6,3,0,55875,3,Area Sales Manager,ME,4063,US Citizen,No,Asian,03-05-2012,,0,N/A-StillEmployed,John Smith,17,Website,Fully Meets,4.5,4,0,1/18/2019,0,11
10118,"Voldemort, Lord",08-07-1986,M ,1,Married,1,1,Terminated for Cause,4,IT/IS,3,3,0,113999,8,Database Administrator,MA,1960,US Citizen,No,Black or African American,2/16/2015,2/22/2017,1,"no-call, no-show",Simon Roup,4,Employee Referral,Fully Meets,4.33,3,7,2/15/2017,0,9
10022,"Volk, Colleen",06-03-1986,F,0,Married,1,1,Terminated for Cause,4,Production       ,5,4,0,49773,19,Production Technician I,MA,2747,US Citizen,No,White,9/26/2011,02-08-2016,1,gross misconduct,Kelley Spirea,18,Google Search,Exceeds,4.3,5,0,02-01-2015,0,18
10183,"Von Massenbach, Anna",04-06-1985,F,0,Single,0,0,Active,2,Production       ,5,3,0,62068,19,Production Technician I,MA,2124,US Citizen,No,White,07-05-2015,,0,N/A-StillEmployed,Michael Albert,22,LinkedIn,Fully Meets,3.21,3,0,1/29/2019,0,7
10190,"Walker, Roger",02-10-1976,M ,1,Single,0,0,Active,1,Production       ,5,3,0,66541,20,Production Technician II,MA,2459,US Citizen,No,Black or African American,8/18/2014,,0,N/A-StillEmployed,Ketsia Liebig,19,Employee Referral,Fully Meets,3.11,5,0,02-12-2019,0,4
10274,"Wallace, Courtney  E",11/14/55,F,0,Married,1,1,Voluntarily Terminated,5,Production       ,5,3,1,80512,18,Production Manager,MA,2478,US Citizen,No,Black or African American,9/26/2011,01-02-2012,1,Another position,Janet King,2,Diversity Job Fair,Fully Meets,4.5,3,0,01-02-2012,0,5
10293,"Wallace, Theresa",08-02-1980,F,0,Single,0,0,Voluntarily Terminated,5,Production       ,5,2,0,50274,19,Production Technician I,MA,1887,US Citizen,No,White,8/13/2012,09-01-2015,1,career change,Elijiah Gray,16,CareerBuilder,Needs Improvement,2.5,3,0,09-05-2014,6,13
10172,"Wang, Charlie",07-08-1981,M ,1,Single,0,0,Active,1,IT/IS,3,3,0,84903,22,Senior BI Developer,MA,1887,US Citizen,No,Asian,2/15/2017,,0,N/A-StillEmployed,Brian Champaigne,13,Indeed,Fully Meets,3.42,4,7,01-04-2019,0,17
10127,"Warfield, Sarah",05-02-1978,F,0,Widowed,4,0,Active,1,IT/IS,3,3,0,107226,28,Sr. Network Engineer,MA,2453,US Citizen,No,Asian,3/30/2015,,0,N/A-StillEmployed,Peter Monroe,7,Employee Referral,Fully Meets,4.2,4,8,02-05-2019,0,7
10072,"Whittier, Scott",05/24/87,M ,1,Single,0,0,Voluntarily Terminated,5,Production       ,5,3,0,58371,19,Production Technician I,MA,2030,US Citizen,Yes,White,01-10-2011,5/15/2014,1,hours,Webster Butler,39,LinkedIn,Fully Meets,5,5,0,5/15/2014,0,11
10048,"Wilber, Barry",09-09-1965,M ,1,Married,1,1,Voluntarily Terminated,5,Production       ,5,3,0,55140,19,Production Technician I,MA,2324,Eligible NonCitizen,No,White,5/16/2011,09-07-2015,1,unhappy,Amy Dunn,11,Website,Fully Meets,5,3,0,2/15/2015,0,7
10204,"Wilkes, Annie",07/30/83,F,0,Divorced,2,0,Voluntarily Terminated,5,Production       ,5,3,0,58062,19,Production Technician I,MA,1876,US Citizen,No,White,01-10-2011,5/14/2012,1,Another position,Ketsia Liebig,19,Google Search,Fully Meets,3.6,5,0,02-06-2011,0,9
10264,"Williams, Jacquelyn  ",10-02-1969,F,0,Single,0,0,Voluntarily Terminated,5,Production       ,5,3,1,59728,19,Production Technician I,MA,2109,US Citizen,Yes,Black or African American,01-09-2012,6/27/2015,1,relocation out of area,Ketsia Liebig,19,Diversity Job Fair,Fully Meets,4.3,4,0,06-02-2014,0,16
10033,"Winthrop, Jordan  ",11-07-1958,M ,1,Single,0,0,Voluntarily Terminated,5,Production       ,5,4,0,70507,20,Production Technician II,MA,2045,US Citizen,No,White,01-07-2013,2/21/2016,1,retiring,Brannon Miller,12,LinkedIn,Exceeds,5,3,0,1/19/2016,0,7
10174,"Wolk, Hang  T",04/20/85,F,0,Single,0,0,Active,1,Production       ,5,3,0,60446,20,Production Technician II,MA,2302,US Citizen,No,White,9/29/2014,,0,N/A-StillEmployed,David Stanley,14,LinkedIn,Fully Meets,3.4,4,0,2/21/2019,0,14
10135,"Woodson, Jason",05-11-1985,M ,1,Single,0,0,Active,1,Production       ,5,3,0,65893,20,Production Technician II,MA,1810,US Citizen,No,White,07-07-2014,,0,N/A-StillEmployed,Kissy Sullivan,20,LinkedIn,Fully Meets,4.07,4,0,2/28/2019,0,13
10301,"Ybarra, Catherine ",05-04-1982,F,0,Single,0,0,Voluntarily Terminated,5,Production       ,5,1,0,48513,19,Production Technician I,MA,2458,US Citizen,No,Asian,09-02-2008,9/29/2015,1,Another position,Brannon Miller,12,Google Search,PIP,3.2,2,0,09-02-2015,5,4
10010,"Zamora, Jennifer",08/30/79,F,0,Single,0,0,Active,1,IT/IS,3,4,0,220450,6,CIO,MA,2067,US Citizen,No,White,04-10-2010,,0,N/A-StillEmployed,Janet King,2,Employee Referral,Exceeds,4.6,5,6,2/21/2019,0,16
10043,"Zhou, Julia",02/24/79,F,0,Single,0,0,Active,1,IT/IS,3,3,0,89292,9,Data Analyst,MA,2148,US Citizen,No,White,3/30/2015,,0,N/A-StillEmployed,Simon Roup,4,Employee Referral,Fully Meets,5,3,5,02-01-2019,0,11
10271,"Zima, Colleen",08/17/78,F,0,Widowed,4,0,Active,1,Production       ,5,3,0,45046,19,Production Technician I,MA,1730,US Citizen,No,Asian,9/29/2014,,0,N/A-StillEmployed,David Stanley,14,LinkedIn,Fully Meets,4.5,5,0,1/30/2019,0,2
